number,myTime,bp1time,bp2time,bp3time
993491015458366,1.003489002585411,0.05577200651168823,1.778441995382309,0.5110660046339035
412600706573276,0.047331005334854126,0.00901399552822113,1.3049169927835464,0.5933520048856735
473140350969830,0.03454199433326721,0.010130003094673157,34.02937099337578,21.10733500123024
558532788541040,0.07343700528144836,0.014525994658470154,1.798218995332718,2.56597700715065
987871175178747,0.015437990427017212,0.017245009541511536,0.05375199019908905,0.03757999837398529
48715292653489,0.007381007075309753,0.0034469962120056152,0.01977299153804779,0.015146002173423767
41032430768348,0.006809011101722717,0.003117993474006653,0.10648798942565918,0.04933299124240875
667311152525877,0.011819005012512207,0.00441800057888031,2.897939994931221,2.245512992143631
238622977055993,0.022685006260871887,0.006804987788200378,5.644329994916916,5.259313002228737
756699244705964,0.018597006797790527,0.006668999791145325,0.7306580096483231,0.6892339885234833
153419835448547,0.010131999850273132,0.003988012671470642,0.047383010387420654,0.036885008215904236
473741605744843,0.009100988507270813,0.2142769992351532,5.614175990223885,5.806841999292374
789768407208219,0.01565299928188324,0.005934000015258789,0.1653899997472763,0.1857529878616333
595569749883862,0.012647002935409546,0.004787996411323547,3.968528002500534,3.322032004594803
424414425621336,0.013631999492645264,0.004938006401062012,0.04560600221157074,0.036779001355171204
937770011254360,0.0103130042552948,0.0036259889602661133,0.4017139971256256,0.48069000244140625
937377983383278,0.01231299340724945,0.004744991660118103,0.02129898965358734,0.01707799732685089
828716492192133,0.008988991379737854,0.0035569965839385986,0.30686700344085693,0.21754200756549835
104335919683058,0.006910011172294617,0.0031059980392456055,0.04424101114273071,0.03470499813556671
758828765163318,0.006212994456291199,0.002911001443862915,0.13474199175834656,0.30032800137996674
295368382435236,0.06436099112033844,0.005718991160392761,0.11530999839305878,0.0388450026512146
796479136787775,0.014307007193565369,0.0052970051765441895,114.19691599905491,115.85627999901772
240246026769105,0.01655399799346924,0.00638599693775177,0.07507899403572083,0.05678500235080719
124908675259043,0.0089150071144104,0.0035300105810165405,0.42937900125980377,0.32976800203323364
492768211459172,0.009467005729675293,0.0034510046243667603,0.07144300639629364,0.0574059933423996
96144732671386,0.007119998335838318,0.003098011016845703,0.3478050082921982,0.3032190054655075
934196774668237,0.006223008036613464,0.003125995397567749,0.058579012751579285,0.04782100021839142
932220113054343,0.007346004247665405,0.0033160001039505005,0.13116098940372467,0.15126100182533264
150658268052137,0.009950995445251465,0.004063993692398071,0.09261000156402588,0.06907200813293457
491115535401455,0.008150994777679443,0.003582999110221863,0.23052498698234558,0.11529099941253662
476239816639938,0.0063700079917907715,0.002933993935585022,0.10075800120830536,0.05641099810600281
944943661664559,0.005701005458831787,0.00356900691986084,0.06313799321651459,0.062026992440223694
961588203048289,0.00574299693107605,0.0027569979429244995,0.018074005842208862,0.01525600254535675
382527279726176,0.007467001676559448,0.0032809972763061523,0.7012059986591339,0.5885410010814667
368265722647324,0.006572991609573364,0.003219008445739746,0.030966997146606445,0.02518799901008606
380923791875376,0.007283002138137817,0.002992004156112671,0.41569700837135315,0.7777730077505112
174548396574628,0.009505987167358398,0.004173994064331055,0.09126999974250793,0.07033999264240265
886546574474077,0.007542997598648071,0.0032500028610229492,0.9695639908313751,0.998429998755455
864468464202518,0.012606993317604065,0.004857003688812256,0.09447799623012543,0.09146898984909058
321434787447133,0.014438003301620483,0.0051449984312057495,0.30597400665283203,0.2287990003824234
615061649326287,0.009962990880012512,0.004097998142242432,0.7178390026092529,0.5429880023002625
824138655224526,0.008368998765945435,0.0035849958658218384,0.05742700397968292,0.046140000224113464
240871721019267,0.0056100040674209595,0.0027440041303634644,0.016725003719329834,0.014777004718780518
19536842743368,0.00517699122428894,0.002682998776435852,0.03474000096321106,0.025534003973007202
158892877408456,0.005476012825965881,0.0025029927492141724,0.01833699643611908,0.015094995498657227
33802764974462,0.006949007511138916,0.003345996141433716,0.6603170037269592,0.23113799095153809
381131679568518,0.009586989879608154,0.004267007112503052,0.10113099217414856,0.08010800182819366
253552098697426,0.006833001971244812,0.0030699968338012695,0.05846899747848511,0.04790499806404114
279352116854374,0.00744900107383728,0.0031670033931732178,0.10229100286960602,0.08009099960327148
385995673822975,0.009525999426841736,0.0035170018672943115,3.9099710136651993,3.778321012854576
897357553669573,0.016764000058174133,0.01594299077987671,0.2585120052099228,0.20548699796199799
971574008379237,0.00953499972820282,0.004468992352485657,0.05972599983215332,0.046797990798950195
361445099827614,0.006156995892524719,0.0030129998922348022,0.046480000019073486,0.037142008543014526
81473909736040,0.007201001048088074,0.0034580081701278687,0.5203110128641129,0.4641689956188202
127429414896604,0.006235003471374512,0.0028630048036575317,0.06324800848960876,0.3233819901943207
854851237767109,0.007600009441375732,0.003679990768432617,0.11934299767017365,0.10128998756408691
911837109900973,0.008542999625205994,0.0035180002450942993,3.430626004934311,2.9883890002965927
241592533131012,0.015076994895935059,0.005533993244171143,0.017250999808311462,0.015664994716644287
84078521091981,0.009261995553970337,0.003720998764038086,9.472650989890099,9.5397440046072
215870514098181,0.01623399555683136,0.00602799654006958,1.1511389911174774,0.9298339933156967
741240575452152,0.01130799949169159,0.004767999053001404,0.13067901134490967,0.11471499502658844
351656772437904,0.026239991188049316,0.0031369924545288086,0.0994739979505539,0.08242200314998627
824850226255513,0.0069649964570999146,0.003032997250556946,0.03147199749946594,0.06127201020717621
59984388972512,0.019446998834609985,0.0028100013732910156,0.015530988574028015,0.01421000063419342
470316175591688,0.00710199773311615,0.0031139999628067017,0.3401089906692505,0.3632739931344986
796870202039948,0.011761009693145752,0.0049750059843063354,0.0554099977016449,0.04546099901199341
961360248509485,0.02596999704837799,0.00536799430847168,0.09824900329113007,0.07908599078655243
984519333544883,0.009156003594398499,0.0038699954748153687,5.873961001634598,5.296987995505333
796389789296822,0.019030988216400146,0.006461992859840393,2.5291509926319122,1.70872201025486
861979355693506,0.013804003596305847,0.005220010876655579,0.08205199241638184,0.08614300191402435
121848467962790,0.012284010648727417,0.004766002297401428,0.2539680004119873,0.1443520039319992
793060545165176,0.011220991611480713,0.00450800359249115,0.6406939923763275,0.8432690054178238
453461602390400,0.02606600522994995,0.019213005900382996,7.029825001955032,6.054491996765137
98233061940117,0.014254003763198853,0.005414992570877075,0.0816269963979721,0.06574399769306183
949278309097420,0.012136995792388916,0.004416987299919128,170.49340499937534,162.19263599812984
849517726979010,0.022467002272605896,0.00638599693775177,0.1843869984149933,0.23882700502872467
622628534734028,0.028262004256248474,0.0047110021114349365,0.14124800264835358,0.08499899506568909
737692592091006,0.027081996202468872,0.0033069998025894165,0.1617959886789322,0.08953599631786346
565103733488826,0.005804002285003662,0.002800002694129944,0.05775699019432068,0.061164990067481995
489502348536633,0.009389996528625488,0.022634997963905334,47.596424996852875,41.9283400028944
798291102819557,0.01617799699306488,0.00647599995136261,0.028328001499176025,0.025306999683380127
316869363222917,0.0057979971170425415,0.003044992685317993,0.07848699390888214,0.08466599881649017
166039194801345,0.005530998110771179,0.0027960091829299927,0.016330987215042114,0.014132007956504822
751394240077730,0.010067999362945557,0.003675013780593872,383.10402300953865,354.74923399090767
204776390787806,0.019293993711471558,0.0065580010414123535,0.13863500952720642,0.0688450038433075
989559416376954,0.011244997382164001,0.0046930015087127686,3.8770769983530045,4.201195999979973
950647500522304,0.08262400329113007,0.007243990898132324,0.10169799625873566,0.07717099785804749
876329532986805,0.029238000512123108,0.005425006151199341,0.1983260065317154,0.0745989978313446
366272963027956,0.010024994611740112,0.0041790008544921875,0.018213003873825073,0.033612996339797974
509278327203900,0.008460000157356262,0.0037000030279159546,9.799540996551514,8.691270992159843
995644346474160,0.01732100546360016,0.006484001874923706,0.7176970094442368,0.5611049979925156
687858557601187,0.008347004652023315,0.0034959912300109863,0.8303710073232651,0.6644229888916016
111441054590060,0.007642999291419983,0.0037370026111602783,0.8388539999723434,0.7936830073595047
871815735356218,0.012552008032798767,0.005127996206283569,0.09854699671268463,0.08211100101470947
798903949174357,0.007837995886802673,0.003697007894515991,0.03480599820613861,0.026976004242897034
948074922487029,0.014459997415542603,0.013001993298530579,0.13327699899673462,0.08345900475978851
406981865930165,0.01368500292301178,0.005399003624916077,0.5865750014781952,0.8440539985895157
509589326070909,0.014184996485710144,0.005842000246047974,0.1280519962310791,0.12508000433444977
249244908608391,0.013248994946479797,0.005199998617172241,0.8481909930706024,0.764844998717308
190885490460348,0.011025995016098022,0.004359990358352661,0.09229299426078796,0.06819799542427063
874091126416179,0.0065490007400512695,0.003090009093284607,0.03252500295639038,0.02705700695514679
972149740800952,0.00893700122833252,0.003381013870239258,1.6716630011796951,1.304850995540619
685693327605201,0.010389000177383423,0.003849998116493225,0.016877993941307068,0.015055999159812927
275310643566162,0.008471012115478516,0.0034090131521224976,0.08193498849868774,0.06659600138664246
564477261830199,0.006779000163078308,0.0030210018157958984,1.1061079949140549,0.9059820026159286
655752711529810,0.011326000094413757,0.004244998097419739,90.3008090108633,85.4303660094738
586845473105134,0.017400994896888733,0.006420999765396118,0.022089004516601562,0.06981199979782104
684088661693055,0.008000001311302185,0.003398001194000244,0.7128540128469467,0.6187250018119812
777922748700825,0.006942003965377808,0.017949998378753662,0.06691999733448029,0.05873100459575653
892226522987356,0.008680999279022217,0.0032079964876174927,0.017218008637428284,0.01550699770450592
804718604920911,0.015722990036010742,0.0053329914808273315,0.3065579980611801,0.14974699914455414
399572050258394,0.013711005449295044,0.004870995879173279,0.06935499608516693,0.05961599946022034
660297155964567,0.0068930089473724365,0.0032570064067840576,0.017601996660232544,0.014933988451957703
716063197725673,0.007228001952171326,0.0032809972763061523,0.09632200002670288,0.07750499248504639
522148800979854,0.009607002139091492,0.00357799232006073,8.689308986067772,7.347185000777245
797292112836980,0.018049001693725586,0.006514996290206909,2.1847179979085922,1.4196690022945404
986040557672575,0.015555009245872498,0.0060210078954696655,0.27083200216293335,0.22167399525642395
325250314181064,0.0083560049533844,0.0034469962120056152,0.5974829941987991,0.42672300338745117
334804532400694,0.007679000496864319,0.003469988703727722,0.40149199962615967,0.30917200446128845
706850253980556,0.00645899772644043,0.002785995602607727,0.017320990562438965,0.014737993478775024
216732005694806,0.00504399836063385,0.0026949942111968994,0.09086500108242035,0.06865701079368591
955653961359316,0.005319997668266296,0.002713993191719055,0.06971199810504913,0.055949002504348755
423397265253937,0.005477994680404663,0.002697989344596863,0.05923900008201599,0.04656299948692322
491698848596186,0.006686002016067505,0.0028860121965408325,0.647159993648529,0.6245039999485016
773001888940157,0.012971997261047363,0.005292996764183044,0.03133399784564972,0.026503995060920715
907823600042255,0.008473008871078491,0.0038359910249710083,0.4080279916524887,0.3338720053434372
316485105317831,0.00893200933933258,0.0033420026302337646,0.5212859958410263,0.40119999647140503
5643215065927,0.012955993413925171,0.004873991012573242,0.06264999508857727,0.0657539963722229
822205390302593,0.008547008037567139,0.0036160051822662354,0.480662003159523,0.43910999596118927
816407667603991,0.012178987264633179,0.005070000886917114,8.950268998742104,8.503978997468948
37818675312161,0.037643998861312866,0.007043004035949707,1.0245250016450882,0.9357770085334778
822361235580072,0.014568999409675598,0.020040005445480347,0.32262900471687317,0.3004609942436218
212670436757921,0.0249129980802536,0.0038210004568099976,2.201897993683815,2.8322030007839203
763618249234894,0.017269998788833618,0.0063119977712631226,0.0832199901342392,0.06741099059581757
62642084909106,0.006294995546340942,0.0030920058488845825,0.08150000870227814,0.06340299546718597
793540846702200,0.009341001510620117,0.0037809908390045166,29.058990001678467,29.488744005560875
685609394990512,0.01796799898147583,0.006825998425483704,0.018279999494552612,0.01625700294971466
695753078321182,0.008629992604255676,0.0033439993858337402,0.05463398993015289,0.04756399989128113
438651374460714,0.005752995610237122,0.002781003713607788,0.045413002371788025,0.035576000809669495
696739368159403,0.00541900098323822,0.002745002508163452,0.04226300120353699,0.03657199442386627
3552766047978,0.005242004990577698,0.0026540011167526245,0.016675010323524475,0.01407700777053833
14432035861086,0.006689995527267456,0.0029310137033462524,0.7133689969778061,0.7426690012216568
131571785997415,0.01111099123954773,0.004235997796058655,0.062334999442100525,0.045882999897003174
99151877448920,0.008389011025428772,0.0035440027713775635,0.1473810076713562,0.1245959997177124
598991230879314,0.005535006523132324,0.002678006887435913,0.043549999594688416,0.05258500576019287
326049187807801,0.005841001868247986,0.0027830004692077637,0.01772800087928772,0.01545599102973938
610175292045136,0.0054719895124435425,0.002714991569519043,0.044404998421669006,0.037537992000579834
846906553745147,0.005504995584487915,0.0027170032262802124,0.047524988651275635,0.03875799477100372
241806444300040,0.007120996713638306,0.0032970011234283447,0.57566699385643,0.44110700488090515
204691745950241,0.0080689936876297,0.0032899975776672363,0.27228499948978424,0.4082770049571991
372147719733655,0.013877004384994507,0.00558200478553772,5.2745600044727325,2.9474440068006516
310256021241874,0.020840004086494446,0.006933003664016724,4.22605499625206,5.120604991912842
852467273395869,0.017254993319511414,0.00626198947429657,0.045938000082969666,0.03728999197483063
431813476542875,0.01056399941444397,0.0037489980459213257,3.9673530012369156,3.682911992073059
468878006897524,0.016063988208770752,0.005966007709503174,0.03282599151134491,0.027388006448745728
105014329952632,0.009961992502212524,0.0040149986743927,1.8519849926233292,1.031909003853798
585730786944801,0.014518007636070251,0.0057889968156814575,0.019446000456809998,0.016685009002685547
968419012137492,0.008334994316101074,0.003725007176399231,0.7114090025424957,0.9396470040082932
523999558872403,0.017014995217323303,0.0061420053243637085,0.04729799926280975,0.03973899781703949
618203989950857,0.032343000173568726,0.004450991749763489,0.03287400305271149,0.03103099763393402
363608392630713,0.019492998719215393,0.0034179985523223877,0.03300099074840546,0.18764999508857727
767037514151744,0.014045000076293945,0.005014002323150635,4.02538999915123,4.292746007442474
625256684305870,0.019684985280036926,0.006520003080368042,2.2360299974679947,1.6030409932136536
419530279545401,0.01625499129295349,0.006080999970436096,0.020020991563796997,0.016843006014823914
884452838969775,0.011319994926452637,0.004278004169464111,10.361559003591537,10.520927995443344
294168205122399,0.020283997058868408,0.006979003548622131,0.8725820034742355,0.7289329916238785
93595593615974,0.015258997678756714,0.0058869868516922,2.271118000149727,2.1677879989147186
606398079325481,0.03426600992679596,0.08351700007915497,0.5410169959068298,0.42441999912261963
214739647782023,0.012456998229026794,0.005098000168800354,0.01742100715637207,0.036156997084617615
523874422464802,0.006042003631591797,0.002821996808052063,0.031006991863250732,0.04628899693489075
974625383221535,0.005772992968559265,0.0027199983596801758,0.029356002807617188,0.025658994913101196
276731040929528,0.005416005849838257,0.0026710033416748047,0.08532199263572693,0.24612700939178467
570781013594107,0.013583004474639893,0.005100995302200317,0.12470299005508423,0.07859200239181519
526672163095972,0.01588699221611023,0.024649009108543396,13.2844849973917,1.8357599973678589
321645173524446,0.039342001080513,0.007061988115310669,0.03439199924468994,0.06790600717067719
5670289493279,0.008673995733261108,0.0033300071954727173,0.029162004590034485,0.10504400730133057
863940543523893,0.02643299102783203,0.004524990916252136,0.07673400640487671,0.06196799874305725
496056036392985,0.009479999542236328,0.00374700129032135,4.589574992656708,4.498292997479439
572291277973461,0.017590999603271484,0.0070769935846328735,0.25012899935245514,0.21939800679683685
167197200791979,0.008551999926567078,0.003818005323410034,0.039684996008872986,0.027428001165390015
471504062866872,0.0468050092458725,0.006471991539001465,0.6707980036735535,0.5448060035705566
626803391640498,0.011253997683525085,0.004517003893852234,0.5618910044431686,0.4743279963731766
910721086851895,0.011986002326011658,0.004596993327140808,0.1265760064125061,0.08809399604797363
266559845502875,0.014286994934082031,0.005418002605438232,4.302009001374245,4.614013001322746
736667045184964,0.0275610089302063,0.0077250003814697266,3.0956220030784607,2.8608739972114563
201186393933296,0.01608198881149292,0.005889996886253357,0.7463870048522949,0.4117709994316101
481610173527427,0.012207001447677612,0.0048360079526901245,0.10824500024318695,0.058296993374824524
208750783339688,0.009851008653640747,0.003994002938270569,0.36182500422000885,0.2117300033569336
647528281432100,0.015656009316444397,0.005122005939483643,1000.8021280020475,934.4793139994144
753926434419127,0.018595993518829346,0.00620800256729126,0.13685499131679535,0.06539000570774078
15428233524431,0.012187004089355469,0.004234999418258667,11.785638004541397,9.726596996188164
452829324230538,0.01618298888206482,0.006529003381729126,0.07395999133586884,0.05790099501609802
693049755736213,0.006210997700691223,0.0030779987573623657,0.029087990522384644,0.025499999523162842
846145420586009,0.006494000554084778,0.00279100239276886,0.13490000367164612,0.10876399278640747
776983938702120,0.010683000087738037,0.004796996712684631,0.12235599756240845,0.10952399671077728
223572987729400,0.010756999254226685,0.004238992929458618,17.402867004275322,15.457586005330086
127115592066994,0.022822991013526917,0.03431899845600128,3.790149003267288,3.4757649898529053
187313581943195,0.015177994966506958,0.005424007773399353,0.5283460021018982,0.4111189991235733
85954320370435,0.006747990846633911,0.0036700069904327393,0.027993008494377136,0.025360003113746643
78533193984291,0.007190003991127014,0.0033110082149505615,0.9006770104169846,1.1770849972963333
849081379955797,0.010912001132965088,0.004436001181602478,0.282725989818573,0.22003799676895142
125724903031842,0.008459001779556274,0.0033020079135894775,0.5538579970598221,0.3986489921808243
76700439124089,0.00998300313949585,0.0034980028867721558,0.01683799922466278,0.01432199776172638
615766844799271,0.006525009870529175,0.003162011504173279,0.6983300000429153,0.5752789974212646
72426988063984,0.00861300528049469,0.0033250004053115845,0.7197380065917969,0.5514440089464188
981286222169068,0.006630003452301025,0.003086000680923462,0.04652498662471771,0.02605000138282776
566520389504260,0.006430000066757202,0.0031369924545288086,0.5088739991188049,0.4215700030326843
710515484138416,0.0059099942445755005,0.0027620047330856323,0.07213200628757477,0.05824299156665802
234477293163842,0.007228001952171326,0.0032449960708618164,0.6373499929904938,0.6343480050563812
658114210514293,0.030643001198768616,0.004074007272720337,0.058785006403923035,0.048593997955322266
729565522968387,0.007743999361991882,0.0036880075931549072,0.7421749979257584,0.660176008939743
204624074912922,0.013989001512527466,0.0050510019063949585,9.918100997805595,10.514518991112709
564695968367896,0.016960009932518005,0.0066609978675842285,0.14444999396800995,0.14108000695705414
373538730341791,0.026691004633903503,0.019475996494293213,0.2929129898548126,0.1502240002155304
350620459266717,0.006885990500450134,0.0030699968338012695,0.1211170107126236,0.0873659998178482
71747074013727,0.006179004907608032,0.002911999821662903,0.0792049914598465,0.05193600058555603
842000676350337,0.006319999694824219,0.002835005521774292,0.053235992789268494,0.06366999447345734
19720286537209,0.0062310099601745605,0.0027700066566467285,0.2514279931783676,0.11527499556541443
769947301411021,0.0075910091400146484,0.04174301028251648,0.12864600121974945,0.18986500799655914
32455537628763,0.012204006314277649,0.0042999982833862305,5.475283995270729,5.627232000231743
275632208147655,0.04214300215244293,0.006640002131462097,11.464878991246223,11.392787992954254
238521868274283,0.016865000128746033,0.006404995918273926,0.06713700294494629,0.12609300017356873
302541400748781,0.012282997369766235,0.005241990089416504,0.06570400297641754,0.05042301118373871
789388981840174,0.007187008857727051,0.003402009606361389,0.3982879966497421,0.28465700149536133
301704620176672,0.007334992289543152,0.0030689984560012817,0.08654899895191193,0.06627799570560455
613980305389228,0.03259800374507904,0.0028190016746520996,0.10320600867271423,0.06678400933742523
837721350788026,0.005640000104904175,0.0027659982442855835,0.05622600018978119,0.044773995876312256
286141277337404,0.005240008234977722,0.0025520026683807373,0.059029996395111084,0.04565499722957611
732491987147467,0.005070000886917114,0.002522006630897522,0.018088996410369873,0.035745009779930115
937791706454739,0.004963010549545288,0.002400994300842285,0.08111399412155151,0.11551399528980255
452773001276552,0.009826987981796265,0.003465995192527771,403.31038001179695,396.298284009099
279223771999597,0.018059000372886658,0.006886005401611328,0.2435929924249649,0.23730500042438507
435928744749212,0.006425008177757263,0.003049001097679138,0.016369998455047607,0.01609399914741516
812707063246695,0.007348999381065369,0.0030560046434402466,0.4594219923019409,0.38907699286937714
62769256309237,0.006080999970436096,0.021975994110107422,0.09279800951480865,0.0586870014667511
975281861465694,0.006917998194694519,0.002977997064590454,0.36788199841976166,0.3057679980993271
173631283365198,0.007064998149871826,0.003304004669189453,1.3916160017251968,0.8181800097227097
4197696595786,0.014748990535736084,0.005304008722305298,0.11224399507045746,0.10377098619937897
808104740339141,0.008708000183105469,0.003752008080482483,0.500220000743866,0.4688670039176941
736530357625819,0.03528799116611481,0.005280002951622009,0.14666400849819183,0.18265599012374878
597252120596820,0.037140995264053345,0.0057179927825927734,2.3818740099668503,2.5391599982976913
913573122450974,0.019402995705604553,0.006442993879318237,6.314511999487877,5.41270999610424
326864497079801,0.016035005450248718,0.006108000874519348,0.018655002117156982,0.01670999825000763
955921805823197,0.008204996585845947,0.0034310072660446167,0.7898440062999725,0.7525029927492142
801794220853705,0.010852009057998657,0.004278004169464111,0.2886200100183487,0.08372099697589874
640069556507439,0.01399199664592743,0.005020990967750549,0.13217000663280487,0.09741000831127167
141840731183720,0.031185999512672424,0.026667997241020203,6.831385999917984,6.059681996703148
962720327953551,0.017826005816459656,0.006646007299423218,2.6682460010051727,2.2538890093564987
563428671113455,0.03686100244522095,0.007538005709648132,0.18690599501132965,0.13944199681282043
312413473472454,0.011813998222351074,0.00585000216960907,0.14549899101257324,0.11337299644947052
526066225681699,0.008288994431495667,0.0032570064067840576,0.4254869967699051,0.33181600272655487
637102653416823,0.008065000176429749,0.0032410025596618652,0.017534002661705017,0.014927998185157776
944771031110571,0.006858006119728088,0.003027006983757019,0.20388399064540863,0.17580999433994293
906081880067129,0.006362006068229675,0.002786993980407715,0.13286899030208588,0.12152099609375
514416764302287,0.03800500929355621,0.00594000518321991,0.7437310069799423,0.5380090028047562
903137745073886,0.013833001255989075,0.004997000098228455,3.921094000339508,3.4804009944200516
497267613141400,0.017986997961997986,0.0067950040102005005,5.00670799612999,4.336276993155479
903822957309585,0.016249999403953552,0.006392002105712891,0.40904900431632996,0.32757000625133514
744501251137881,0.009585008025169373,0.004054993391036987,0.4303179979324341,0.36410699784755707
679966088335728,0.008596986532211304,0.0032889991998672485,0.08359099924564362,0.06748700141906738
46693695450741,0.008738994598388672,0.003787994384765625,0.4497759938240051,0.42611199617385864
941033283716958,0.010237008333206177,0.0042419880628585815,0.044255003333091736,0.036191001534461975
621709870282855,0.009526997804641724,0.0036730021238327026,3.854088991880417,3.62151600420475
789057928225552,0.05041299760341644,0.007881999015808105,46.78849099576473,43.54358100891113
226182870190129,0.019235000014305115,0.006930992007255554,0.11184200644493103,0.08402800559997559
630231775951040,0.009259998798370361,0.004090994596481323,0.6230700016021729,0.5823249965906143
382323858063429,0.013402000069618225,0.0053369998931884766,0.10418899357318878,0.08277599513530731
177246442954603,0.007089987397193909,0.003412991762161255,0.05326400697231293,0.511473998427391
48083454808711,0.0143049955368042,0.005223006010055542,2.085901990532875,1.901527002453804
177873140503378,0.011581003665924072,0.004467993974685669,0.01757599413394928,0.015069007873535156
92579986182329,0.005712002515792847,0.0027209967374801636,0.08913999795913696,0.07334800064563751
889132601042368,0.0057889968156814575,0.002714008092880249,0.03000698983669281,0.02490900456905365
311899987961997,0.008044004440307617,0.003165006637573242,9.697299987077713,9.37227500975132
668871883066422,0.02040499448776245,0.007123008370399475,235.5116169899702,221.8304139971733
55970182045491,0.021209001541137695,0.0070099979639053345,0.6189820021390915,0.5809030085802078
124342766931477,0.009535998106002808,0.00374700129032135,0.4670160114765167,0.3354559987783432
440453455436714,0.006560996174812317,0.003113001585006714,0.04614800214767456,0.03467400372028351
881111688224089,0.0054360032081604,0.002950996160507202,0.015621006488800049,0.015246003866195679
510825404701303,0.005199998617172241,0.002687007188796997,0.08121000230312347,0.03713199496269226
365347414660652,0.02188900113105774,0.021800994873046875,2.1692140102386475,1.8810089975595474
900535252780241,0.008567988872528076,0.003466010093688965,0.4292050004005432,0.22540000081062317
484354109010256,0.010460004210472107,0.004232004284858704,0.01873798668384552,0.015852004289627075
68778222857689,0.0060129910707473755,0.0029229968786239624,0.016884997487068176,0.014109998941421509
402033454066083,0.006906002759933472,0.003165990114212036,0.35426899790763855,0.2982030063867569
356179496445228,0.00741499662399292,0.003305003046989441,0.1000870019197464,0.06646201014518738
229551556998137,0.005539998412132263,0.0027870088815689087,0.056505993008613586,0.044085994362831116
512789116552805,0.005342990159988403,0.0026630014181137085,0.0692330002784729,0.058482006192207336
695216302054513,0.005383998155593872,0.0026369988918304443,0.029298007488250732,0.025669991970062256
669603061783317,0.005125001072883606,0.002581000328063965,0.0791110098361969,0.06833599507808685
769408091155653,0.007854998111724854,0.003375008702278137,1.0664580017328262,1.004060998558998
247173108557929,0.010889992117881775,0.004443004727363586,0.10648898780345917,0.08554399013519287
20728945265213,0.012638986110687256,0.006186991930007935,0.08732900023460388,0.028951987624168396
580919823958460,0.015671998262405396,0.008674994111061096,0.229326993227005,0.17682500183582306
19771764503952,0.009657010436058044,0.003515005111694336,1.6662729978561401,1.7672159969806671
928155599226047,0.014529988169670105,0.005052998661994934,0.04376700520515442,0.03737899661064148
48924552310356,0.006855994462966919,0.003152996301651001,0.01592700183391571,0.014242008328437805
547181776276612,0.005768001079559326,0.002809002995491028,0.033941999077796936,0.01829598844051361
64236350771809,0.009192988276481628,0.004233002662658691,0.13911500573158264,0.09457200765609741
965548803701801,0.0067100077867507935,0.003201991319656372,0.015890002250671387,0.015698999166488647
570392186452782,0.007534995675086975,0.003251999616622925,0.07295699417591095,0.05857400596141815
752512293663327,0.00634099543094635,0.0028060078620910645,0.06832100450992584,0.0548270046710968
912044493412478,0.0059009939432144165,0.003384009003639221,0.016524001955986023,0.014425992965698242
735066602913077,0.006637006998062134,0.0030290037393569946,1.060369998216629,0.7541539967060089
214291380509238,0.011995002627372742,0.005066990852355957,0.07281200587749481,0.05611701309680939
632531305359014,0.006020992994308472,0.002933993935585022,0.04135000705718994,0.03541000187397003
5087684133229,0.005567997694015503,0.0027749985456466675,0.07796700298786163,0.16283999383449554
870185434070377,0.011299997568130493,0.004564002156257629,0.742564007639885,1.1525650024414062
796464095089334,0.009296000003814697,0.004099011421203613,0.016846001148223877,0.015147998929023743
161920575575550,0.010779008269309998,0.004059001803398132,218.11315700411797,208.01773700118065
278100686917869,0.01798999309539795,0.006427004933357239,0.0475190132856369,0.037145987153053284
582842347894569,0.0061959922313690186,0.002879008650779724,0.04140099883079529,0.03634500503540039
902910495704318,0.005524992942810059,0.0027000010013580322,0.09435199201107025,0.0808510035276413
811408012014608,0.005945995450019836,0.0026719868183135986,0.1512250006198883,0.15571700036525726
938162666145578,0.005738005042076111,0.0026039928197860718,0.01648600399494171,0.014807000756263733
38133169669928,0.005142003297805786,0.002507999539375305,0.10244999825954437,0.07794199883937836
355142073244894,0.00770200788974762,0.0031629949808120728,0.11837799847126007,0.10300900042057037
960533458179525,0.005434989929199219,0.002590000629425049,0.04375898838043213,0.03596000373363495
811907098087214,0.005010008811950684,0.0026810020208358765,0.0758180022239685,0.06974001228809357
373610663039119,0.005626007914543152,0.0027740001678466797,0.16377100348472595,0.12210901081562042
341780159163090,0.008098006248474121,0.0030879974365234375,1.3773359954357147,1.4749880135059357
620700032367177,0.0188789963722229,0.00640299916267395,1.5434480011463165,0.7407189905643463
994260712991146,0.017377004027366638,0.006767004728317261,0.05347999930381775,0.046804994344711304
832126105858914,0.006716996431350708,0.0034720003604888916,0.04797099530696869,0.05912500619888306
380334292939399,0.008146002888679504,0.0031500011682510376,1.0598379969596863,0.850612998008728
584609643532541,0.05305600166320801,0.005934000015258789,3.2881949990987778,2.0394630134105682
737911257927110,0.020428001880645752,0.006631001830101013,76.89420999586582,70.2489620000124
656331480150536,0.05248500406742096,0.008866995573043823,0.26136699318885803,0.1982550024986267
124399786455284,0.014225989580154419,0.005199000239372253,0.327116996049881,0.23162700235843658
577522413814482,0.2891779989004135,0.007775008678436279,0.5845150053501129,0.9041299968957901
465251205072245,0.01434500515460968,0.005434989929199219,0.018108993768692017,0.016172006726264954
990113985598099,0.008211001753807068,0.003545999526977539,1.1703660041093826,0.9801889955997467
497056598480321,0.013001993298530579,0.0048139989376068115,1.1812739968299866,1.4365749955177307
696761272894423,0.021654993295669556,0.005791991949081421,0.020576998591423035,0.019559010863304138
410550313289365,0.00868600606918335,0.0037269890308380127,0.4066790044307709,0.21482500433921814
933478976482028,0.01097099483013153,0.004574000835418701,0.0813780128955841,0.06988999247550964
123931359659976,0.010225996375083923,0.005497992038726807,9.67585700750351,11.235679000616074
462541523929608,0.026381000876426697,0.012293994426727295,0.13330800831317902,0.10874399542808533
44830010580241,0.009107992053031921,0.0037139952182769775,0.47235099971294403,0.29882100224494934
226371320378602,0.01007699966430664,0.004342004656791687,0.0613970011472702,0.029525011777877808
181006445019954,0.012645989656448364,0.00437299907207489,38.66865800321102,35.1078419983387
964502320298583,0.01935499906539917,0.0074120014905929565,0.5247350037097931,0.46852099895477295
37660696128357,0.030514001846313477,0.005113005638122559,0.032381996512413025,0.026427999138832092
795902872715570,0.01003199815750122,0.0042909979820251465,0.22531700134277344,0.19190698862075806
691739612931671,0.012140005826950073,0.004013001918792725,0.07003998756408691,0.06000199913978577
989406529632225,0.007538989186286926,0.0031680017709732056,0.04457099735736847,0.035498008131980896
126675298527595,0.006810009479522705,0.0029930025339126587,0.5997579991817474,0.7228499948978424
550608315419040,0.020587995648384094,0.006339997053146362,0.6477469950914383,0.4952539950609207
902478968524366,0.01723898947238922,0.006503000855445862,0.43171200156211853,0.36128199100494385
506904591908523,0.01430000364780426,0.00449700653553009,0.023055002093315125,0.020180001854896545
399467945359162,0.010378003120422363,0.005934000015258789,0.1058100014925003,0.07837899029254913
586659603593651,0.011896997690200806,0.0048450082540512085,2.7266799956560135,2.637814000248909
875884659743582,0.03861500322818756,0.007195994257926941,0.41576701402664185,0.8201409876346588
146367946375543,0.0194769948720932,0.0062450021505355835,101.40040200948715,88.32706299424171
8347723347168,0.01689399778842926,0.006441012024879456,0.02687099575996399,0.025352999567985535
505512553358327,0.006384000182151794,0.0029999911785125732,0.07267199456691742,0.053637996315956116
743463544687466,0.008403003215789795,0.0032970011234283447,0.2736259996891022,0.213702991604805
591133315317121,0.007422998547554016,0.0033280104398727417,0.1495710015296936,0.11573000252246857
229088434779879,0.005938008427619934,0.0027790069580078125,0.03648000955581665,0.0260159969329834
763378790866378,0.005670011043548584,0.002709999680519104,0.01763400435447693,0.017527997493743896
999168756419252,0.006621003150939941,0.0030430108308792114,0.3908179998397827,0.3393449932336807
192243701581337,0.006496995687484741,0.0029059946537017822,0.0675399899482727,0.047282010316848755
510826861592363,0.0066699981689453125,0.003049999475479126,0.45045100152492523,0.34134601056575775
209757748179244,0.0069960057735443115,0.003274008631706238,0.2889370024204254,0.5930269956588745
778517894555156,0.02562999725341797,0.004458993673324585,0.019030004739761353,0.015466004610061646
504390770514676,0.008197993040084839,0.0035300105810165405,0.15844300389289856,0.11259500682353973
264465573198471,0.00714699923992157,0.0033129900693893433,0.40473999083042145,0.30178599059581757
816059001842600,0.008661001920700073,0.0036019980907440186,5.539889007806778,5.102084994316101
339374038267608,0.014048993587493896,0.0055699944496154785,0.11693000793457031,0.08689799904823303
703515791366661,0.01064099371433258,0.003590002655982971,432.6133340001106,397.61169999837875
811902305635263,0.02203899621963501,0.00757598876953125,0.09673000872135162,0.0804239958524704
445389513749389,0.007821992039680481,0.0034130066633224487,0.01740299165248871,0.014595001935958862
863613054520502,0.005581989884376526,0.0028909891843795776,0.02815699577331543,0.0271340012550354
570976762674810,0.008003994822502136,0.003480002284049988,6.064478009939194,4.689384996891022
947566359154084,0.016345009207725525,0.005826011300086975,0.5758139938116074,0.5003509968519211
10177828980,0.011862009763717651,0.0046309977769851685,0.18906599283218384,0.24882999062538147
724652086882389,0.010839000344276428,0.005141988396644592,0.01896500587463379,0.01770000159740448
795578056090067,0.006444990634918213,0.006131991744041443,0.020374000072479248,0.016773998737335205
275738740687566,0.007574006915092468,0.003420010209083557,0.20187000930309296,0.2229350060224533
446946382214306,0.01008199155330658,0.004665002226829529,0.11932699382305145,0.10351599752902985
146761306299593,0.02273799479007721,0.0035270005464553833,0.6079519987106323,0.4603220075368881
31248725963369,0.009755998849868774,0.004158005118370056,0.04529699683189392,0.035082995891571045
271931100608721,0.00963599979877472,0.0036910027265548706,2.5414940118789673,3.1377300024032593
535222625081280,0.016732990741729736,0.006420999765396118,1.3140060007572174,0.6807730048894882
897189159512502,0.048799991607666016,0.007499009370803833,0.031080007553100586,0.02666899561882019
899565613367693,0.010295003652572632,0.004130005836486816,0.3535979986190796,0.2949479967355728
352039284703123,0.007083997130393982,0.010496005415916443,0.01768799126148224,0.014735996723175049
924417056580005,0.005536988377571106,0.002803996205329895,0.06981800496578217,1.9893950074911118
223381824599426,0.035378992557525635,0.005547001957893372,0.0770220011472702,0.045892998576164246
339515031961201,0.006693005561828613,0.0031810104846954346,0.031894996762275696,0.03166399896144867
768211444571184,0.0070900022983551025,0.0031230002641677856,0.39910200238227844,0.29086799919605255
372480011125651,0.012809008359909058,0.005168989300727844,0.8381659984588623,0.6931549906730652
955546192558770,0.015500009059906006,0.005417987704277039,18.859317004680634,19.791887998580933
763058591903119,0.018183007836341858,0.006574004888534546,0.10909600555896759,0.09268198907375336
620813448514756,0.006557002663612366,0.0029450058937072754,0.016898006200790405,0.015045002102851868
668973799321268,0.005384013056755066,0.002687007188796997,0.03200499713420868,0.025185003876686096
685688567415464,0.006965994834899902,0.002946004271507263,0.4347909986972809,0.23821699619293213
935598959818884,0.01321399211883545,0.005398005247116089,39.674211993813515,36.34690798819065
183918647059343,0.01771700382232666,0.006821006536483765,0.13252900540828705,0.11111000180244446
381359890668236,0.005804002285003662,0.0031419992446899414,0.084307000041008,0.03637099266052246
174034760435760,0.007614001631736755,0.02243700623512268,0.5780059993267059,0.42214900255203247
82587402330458,0.005602002143859863,0.0026140064001083374,0.08413499593734741,0.06803900003433228
140144002757768,0.018794000148773193,0.002508997917175293,0.030723005533218384,0.023937001824378967
194342258860117,0.004761010408401489,0.0023900121450424194,0.08610300719738007,0.06736099720001221
272506397164559,0.004854992032051086,0.0024110078811645508,0.0592460036277771,0.04774600267410278
561485526965336,0.004723012447357178,0.0023289918899536133,0.049921005964279175,0.036066994071006775
171470151098073,0.0061429888010025024,0.0027449876070022583,0.39472800493240356,0.28839001059532166
928677474100201,0.009117990732192993,0.00263899564743042,0.016075998544692993,0.014854997396469116
439250077198118,0.004556000232696533,0.002379998564720154,0.10266800224781036,0.08236099779605865
371141762843908,0.0048049986362457275,0.0024399906396865845,0.1133270114660263,0.08796900510787964
847305889984530,0.007611989974975586,0.0031069964170455933,0.7651269882917404,0.6084830015897751
927264859222002,0.007284000515937805,0.003089994192123413,0.028460994362831116,0.02591000497341156
240873340578743,0.008166998624801636,0.0038449913263320923,8.49523900449276,6.82388399541378
120853043264185,0.015542000532150269,0.006834998726844788,0.597800999879837,0.4249039888381958
218372593049110,0.010305002331733704,0.003957003355026245,67.70162300765514,60.39595700800419
15755316766241,0.01713600754737854,0.006411999464035034,0.33088500797748566,0.2961300015449524
321453616789080,0.007287010550498962,0.003350988030433655,1.5506419986486435,1.3193040043115616
506399612817503,0.027970001101493835,0.0038799941539764404,0.058824002742767334,0.03383500874042511
342171969098357,0.00549200177192688,0.002664998173713684,0.028053000569343567,0.0238800048828125
412139743439900,0.008189007639884949,0.003350004553794861,89.2017579972744,76.01727499067783
752733706806456,0.015907004475593567,0.006273999810218811,0.01789000630378723,0.015337005257606506
546986835641024,0.0055429935455322266,0.002718999981880188,0.028595998883247375,0.02469100058078766
324226751786823,0.004951998591423035,0.0025340020656585693,0.01795300841331482,0.013955995440483093
774564516407521,0.008674010634422302,0.00321999192237854,4.3171799927949905,4.834337010979652
89881838436551,0.0189020037651062,0.0070099979639053345,21.81707400083542,23.9273000061512
37123661857806,0.01713000237941742,0.006534993648529053,0.11045899987220764,0.06949500739574432
25496732451612,0.006639003753662109,0.0030120015144348145,0.025060012936592102,0.014331012964248657
857254842505552,0.029485002160072327,0.004074990749359131,27.169944003224373,24.260749012231827
396394338708987,0.05641500651836395,0.014367997646331787,1.4157589972019196,1.2443149983882904
928896346950618,0.03282099962234497,0.022308990359306335,0.13798199594020844,0.08258600533008575
257582758215975,0.0087909996509552,0.0034330040216445923,2.522469997406006,2.26945099234581
922080427499109,0.01291799545288086,0.005517005920410156,0.1516910046339035,0.10221099853515625
5153140366747,0.009161993861198425,0.0038920044898986816,0.03756900131702423,0.03699399530887604
372212254482250,0.007529005408287048,0.0032750070095062256,0.38293400406837463,0.8986610025167465
550322154058878,0.009555011987686157,0.004087001085281372,0.017787009477615356,0.01465199887752533
290202808512660,0.008678004145622253,0.0035080015659332275,5.701197996735573,5.971718996763229
975316553852122,0.02155698835849762,0.007455006241798401,0.18599200248718262,0.2252890020608902
620598694882949,0.009519994258880615,0.0043220072984695435,0.10451200604438782,0.07811801135540009
508402335150566,0.011340990662574768,0.004591003060340881,0.13538900017738342,0.11034999787807465
294589441071489,0.013195991516113281,0.004344001412391663,0.019404008984565735,0.015859991312026978
902516625020563,0.009993001818656921,0.00394400954246521,0.1435379981994629,0.09497798979282379
741356857893413,0.008885994553565979,0.004013001918792725,0.031158998608589172,0.025036007165908813
316510325188994,0.008230999112129211,0.003585994243621826,0.7808890044689178,0.6047810018062592
943784727403599,0.007284998893737793,0.003058001399040222,0.5342859923839569,0.4324589967727661
874758183689242,0.0072420090436935425,0.0031680017709732056,0.2700909972190857,0.2133360058069229
232002881415,0.005808994174003601,0.0026670098304748535,0.04352501034736633,0.046000003814697266
112818570397968,0.005088001489639282,0.002441003918647766,0.032716989517211914,0.02487100660800934
881515382447860,0.007700994610786438,0.003985002636909485,0.3069570064544678,0.24763299524784088
244612904188879,0.005070000886917114,0.002607002854347229,0.029941007494926453,0.026673004031181335
473319230323601,0.00460699200630188,0.002459004521369934,0.01634499430656433,0.015533000230789185
84064152590523,0.004566997289657593,0.002369999885559082,0.016047000885009766,0.013930007815361023
620262020454924,0.004968002438545227,0.0028429925441741943,0.03017200529575348,0.024067997932434082
622224697854308,0.00490899384021759,0.00237099826335907,0.10671199858188629,0.08675500750541687
644065218690388,0.006421998143196106,0.002884998917579651,0.6558160036802292,0.5566910058259964
776770948172294,0.009373992681503296,0.0037129968404769897,0.19429101049900055,0.16457000374794006
941284963284919,0.006578996777534485,0.0027789920568466187,0.17996299266815186,0.11901301145553589
744825426748341,0.011715993285179138,0.004347994923591614,0.10809201002120972,0.08842501044273376
750612563680861,0.00780099630355835,0.003086000680923462,0.32697999477386475,0.38449999690055847
21519479819684,0.01240299642086029,0.005600005388259888,0.23306600749492645,0.2617640048265457
584668435168848,0.007277011871337891,0.0034639984369277954,0.06550399959087372,0.06381000578403473
389957183962760,0.007739007472991943,0.00348798930644989,6.284860998392105,5.882627993822098
124935139674872,0.018055006861686707,0.006999000906944275,3.6884450018405914,3.812271997332573
64998915674543,0.020194992423057556,0.0075730085372924805,1.3220690041780472,1.3581219911575317
953254339896413,0.017031997442245483,0.00542999804019928,0.036733001470565796,0.02971099317073822
904150607001875,0.008262008428573608,0.003143996000289917,5.817918002605438,5.243803009390831
483328510434948,0.01842600107192993,0.006372004747390747,0.12411099672317505,0.05135500431060791
354471060658078,0.01074199378490448,0.0045859962701797485,0.019001007080078125,0.01895900070667267
973097186581089,0.005642995238304138,0.003254994750022888,0.019093990325927734,0.016628995537757874
798371367040495,0.00687900185585022,0.0030750036239624023,0.0817520022392273,0.07652899622917175
32389550099207,0.005200996994972229,0.0025650113821029663,0.11062400043010712,0.08068101108074188
258268180399694,0.006606996059417725,0.003001004457473755,0.42900100350379944,0.361736997961998
42869478780920,0.013779997825622559,0.005039989948272705,1.8122619986534119,1.853060007095337
369823346977183,0.02018900215625763,0.009477004408836365,0.3837829977273941,0.2623539865016937
382961775343822,0.10273799300193787,0.014513000845909119,8.695978000760078,7.390453010797501
414322416626196,0.06334799528121948,0.025574997067451477,0.9572450071573257,0.6982389986515045
133526940928437,0.013819992542266846,0.005494996905326843,0.059738993644714355,0.04768800735473633
774702615303055,0.007616996765136719,0.003359004855155945,0.7182030081748962,0.5573689937591553
554836561185862,0.01046299934387207,0.004325002431869507,0.6010509878396988,0.49435698986053467
63859622929296,0.006985992193222046,0.003122001886367798,0.45672300457954407,0.43297599256038666
960399558557011,0.007891997694969177,0.003068000078201294,0.1347550004720688,0.11040998995304108
126863214186962,0.007256001234054565,0.003188997507095337,3.695715993642807,3.987195998430252
107136703466495,0.02357199788093567,0.00906701385974884,0.09979699552059174,0.08357399702072144
910614707524034,0.008028000593185425,0.0032390058040618896,0.020259007811546326,0.017126008868217468
547015249019848,0.015732988715171814,0.004861995577812195,0.07204601168632507,0.05775800347328186
383722070220002,0.00722600519657135,0.003135994076728821,0.03388799726963043,0.030716001987457275
636677539353679,0.006368011236190796,0.0031199902296066284,0.034014999866485596,0.02852700650691986
660597612081545,0.005308002233505249,0.0029720067977905273,0.01945999264717102,0.01676599681377411
671555951257139,0.005478993058204651,0.0024980008602142334,0.09397099912166595,0.08429299294948578
175625226464465,0.008912995457649231,0.00338900089263916,0.16226300597190857,0.12197500467300415
520702482350888,0.011917993426322937,0.004208996891975403,13.642428994178772,13.588512003421783
441777091766404,0.03166000545024872,0.008226007223129272,0.06276099383831024,0.06048201024532318
318493920313164,0.010352998971939087,0.004203006625175476,0.47048699855804443,0.3375519961118698
323170119044862,0.012597993016242981,0.005184993147850037,2.5577519983053207,2.649737000465393
406335403775407,0.031866997480392456,0.012368008494377136,0.16018401086330414,0.13234999775886536
734999242511850,0.01428300142288208,0.006647005677223206,6.103406995534897,6.460403993725777
664624868909876,0.02446499466896057,0.008547991514205933,92.79420199990273,80.89283299446106
812869998662842,0.020702004432678223,0.007849007844924927,2.5219960063695908,1.7607219964265823
758912053171735,0.013235002756118774,0.005470991134643555,0.03261798620223999,0.02620600163936615
636937224012232,0.007543995976448059,0.0032079964876174927,0.13549600541591644,0.1126209944486618
850288238802164,0.006433993577957153,0.0029270052909851074,0.36429399251937866,0.31015999615192413
131160301712339,0.007359996438026428,0.0034779906272888184,0.08910700678825378,0.06718000769615173
561500604965155,0.006967008113861084,0.00310400128364563,0.7210740000009537,0.7690439969301224
934901506394197,0.039740994572639465,0.006852999329566956,1.6695509999990463,1.2869420051574707
146050962402317,0.017341002821922302,0.006751999258995056,0.10058000683784485,0.07765999436378479
124683122087750,0.01197698712348938,0.004034996032714844,601.0922939926386,615.9943410009146
860255229608936,0.018595010042190552,0.00655500590801239,0.06283700466156006,0.041840001940727234
476467934515716,0.006819993257522583,0.002933993935585022,0.12140800058841705,0.06939500570297241
39660535707306,0.009008005261421204,0.0037579983472824097,0.11197499930858612,0.06527400016784668
629931190338413,0.005879998207092285,0.002713993191719055,0.042257994413375854,0.025867000222206116
49932319518249,0.004985988140106201,0.0025829970836639404,0.09384201467037201,0.05426900088787079
817998705845616,0.004950001835823059,0.002611994743347168,0.09505400061607361,0.0591759979724884
594835194714405,0.004899993538856506,0.0026710033416748047,0.08561401069164276,0.05749499797821045
199405250203868,0.005084007978439331,0.0025700032711029053,0.05815000832080841,0.02834199368953705
739686324217614,0.008704006671905518,0.0037460029125213623,0.05680699646472931,0.03597499430179596
386398922063367,0.005504995584487915,0.0027449876070022583,0.020729005336761475,0.014636009931564331
38163404188505,0.004852995276451111,0.002526998519897461,0.08544100821018219,0.05268301069736481
242665092084967,0.004864990711212158,0.002505004405975342,0.021769002079963684,0.014461994171142578
909955486263380,0.006622001528739929,0.003045991063117981,1.053626999258995,0.6098860055208206
429337469404339,0.012236997485160828,0.004852995276451111,0.11851799488067627,0.06936299800872803
729434996682997,0.009431988000869751,0.0034379959106445312,7.366475000977516,7.359934002161026
745371510051984,0.020212993025779724,0.007356002926826477,3.463245987892151,2.9363349974155426
487991627542074,0.01538001000881195,0.006114989519119263,0.5638210028409958,0.44669200479984283
418926556134539,0.009810000658035278,0.004427999258041382,0.08606699109077454,0.07105600833892822
459535644607815,0.00603899359703064,0.0029449909925460815,0.05750100314617157,0.047749996185302734
865524263601551,0.008193999528884888,0.003986001014709473,5.565264999866486,5.883059993386269
839671193975359,0.01441800594329834,0.005606010556221008,0.05463600158691406,0.04788300395011902
696873512584769,0.0062360018491744995,0.0027790069580078125,0.04214099049568176,0.035582005977630615
30872391285009,0.005335003137588501,0.002526998519897461,0.11393499374389648,0.10184501111507416
897745765898419,0.0053860098123550415,0.0025529861450195312,0.10506899654865265,0.0889659970998764
159170960328927,0.004990994930267334,0.0024250000715255737,0.0734419971704483,0.059734001755714417
483461703482169,0.005032002925872803,0.0024579912424087524,0.04540100693702698,0.03600399196147919
823162139279932,0.008767008781433105,0.003375992178916931,20.73039099574089,19.312269002199173
192530941318223,0.015082001686096191,0.006195008754730225,0.036427006125450134,0.0158890038728714
323088132439598,0.015407994389533997,0.019488006830215454,0.5135059952735901,0.41676999628543854
496003522083736,0.01320900022983551,0.0052839964628219604,0.04696999490261078,0.03877599537372589
458674114729190,0.024001002311706543,0.01809599995613098,1.4309139996767044,1.0305170118808746
618791769245223,0.05973100662231445,0.022547006607055664,0.06715099513530731,0.05121299624443054
999874124749539,0.00913199782371521,0.0038619935512542725,0.10761900246143341,0.06870099902153015
984088015953394,0.008394002914428711,0.0031380057334899902,0.11011099815368652,0.05865798890590668
224857358979898,0.007908999919891357,0.0035929977893829346,0.1815430074930191,0.14463798701763153
814145454246999,0.011809006333351135,0.004717007279396057,4.380252003669739,3.7197020053863525
616921002084229,0.013325005769729614,0.0052610039710998535,0.09598399698734283,0.07820199429988861
988755189163322,0.02552400529384613,0.003733992576599121,73.80310599505901,78.29350799322128
230086845388196,0.018399998545646667,0.006514996290206909,0.7147209942340851,0.49531300365924835
668342283406552,0.012186005711555481,0.024948999285697937,23.94038200378418,22.308106005191803
670021680402447,0.01589299738407135,0.006525009870529175,0.045730993151664734,0.08369699120521545
811977244570338,0.009364008903503418,0.023087993264198303,0.08431699872016907,0.09544399380683899
41168383702875,0.009310007095336914,0.017577990889549255,3.480755999684334,3.6664289981126785
435110886677085,0.016841009259223938,0.006345003843307495,0.6595759987831116,0.5220479965209961
123071608324178,0.007214993238449097,0.003089010715484619,0.020191997289657593,0.014758989214897156
145183483968974,0.0075149983167648315,0.003278002142906189,0.7928559929132462,0.6194009929895401
330327800583076,0.007141992449760437,0.0034140050411224365,0.8434820026159286,0.7242939919233322
278826381479922,0.014562010765075684,0.004938989877700806,21.389457002282143,19.534195005893707
544378113316514,0.047440990805625916,0.007316991686820984,0.04577501118183136,0.04924899339675903
893612880723148,0.011500999331474304,0.021768003702163696,0.16413100063800812,0.12826500833034515
268368145066210,0.018232986330986023,0.0056280046701431274,54.953253000974655,54.23681899905205
998985811976684,0.01773899793624878,0.007172003388404846,0.2642890065908432,0.2413250058889389
579120896435306,0.006105005741119385,0.0030880123376846313,0.0829090029001236,0.06859900057315826
192795199647658,0.019839003682136536,0.002776995301246643,0.04525300860404968,0.09502600133419037
916793979546262,0.02076299488544464,0.0030840039253234863,0.8121829926967621,0.4372899979352951
178212995857762,0.010196998715400696,0.003506988286972046,8.793793007731438,7.333859995007515
784767754279009,0.014476999640464783,0.005670994520187378,0.14942699670791626,0.12798801064491272
206396677385419,0.005632996559143066,0.0027660131454467773,0.14731700718402863,0.13149400055408478
574787191620753,0.008340999484062195,0.0032659918069839478,4.438547998666763,3.123678997159004
182608310737248,0.01354101300239563,0.0051850080490112305,0.05990999937057495,0.04842600226402283
687398323038246,0.005671992897987366,0.0028150081634521484,0.030452996492385864,0.025481998920440674
631420746858054,0.007435992360115051,0.003466993570327759,0.5154750049114227,0.43096600472927094
30194167934193,0.007204994559288025,0.0030039995908737183,0.19491900503635406,0.17294499278068542
214961715555407,0.005395993590354919,0.002516999840736389,0.09691300988197327,0.07908698916435242
897781113820363,0.007298007607460022,0.0031159967184066772,0.43129900097846985,0.415133997797966
871223098531713,0.015030995011329651,0.005853995680809021,0.06149400770664215,0.04874999821186066
468146121604039,0.011381000280380249,0.00475899875164032,0.14530900120735168,0.08386000990867615
308285820406263,0.028787001967430115,0.0045859962701797485,0.1626020073890686,0.19276900589466095
922280291635945,0.014009997248649597,0.0054939985275268555,0.01892000436782837,0.016400009393692017
848200498066303,0.02251400053501129,0.002835005521774292,0.06531600654125214,0.03847000002861023
343513296351852,0.02906098961830139,0.003340005874633789,0.5907240062952042,0.4450719952583313
334906322619609,0.006907999515533447,0.0031110048294067383,0.16552001237869263,0.10727900266647339
582842509528133,0.007115006446838379,0.0031899958848953247,0.28828099370002747,0.22821800410747528
963066468823419,0.008634999394416809,0.0037689954042434692,0.10609298944473267,0.08838899433612823
655549975309461,0.007465004920959473,0.003361999988555908,0.24793800711631775,0.19245600700378418
982791622521364,0.009932994842529297,0.004209995269775391,0.1117050051689148,0.09057199954986572
73527611138603,0.005851000547409058,0.0029489994049072266,0.04397799074649811,0.03387299180030823
183731290635427,0.004985004663467407,0.002634003758430481,0.07319700717926025,0.06035800278186798
335929084636256,0.005772992968559265,0.0025340020656585693,0.017280995845794678,0.014295011758804321
989315811409150,0.006007000803947449,0.002916008234024048,0.5374229997396469,0.42846299707889557
416750402213070,0.006936997175216675,0.0031910091638565063,1.0017599910497665,0.8044809997081757
849620021157675,0.007199987769126892,0.0029670000076293945,0.1176929920911789,0.09936799108982086
975592171279715,0.005097001791000366,0.0025060027837753296,0.053543999791145325,0.04495100677013397
668464010291693,0.0060440003871917725,0.002848997712135315,0.36973901093006134,0.2951570004224777
751344153061182,0.007068991661071777,0.0030220001935958862,0.05282700061798096,0.045291006565093994
288542167584992,0.007315993309020996,0.003072008490562439,7.018869996070862,6.357894003391266
142215213704751,0.016875997185707092,0.007219001650810242,0.6377770006656647,0.49137601256370544
848634804114728,0.0063119977712631226,0.0035880059003829956,0.10968899726867676,0.11735498905181885
558262640497818,0.02975200116634369,0.0027379989624023438,0.19221800565719604,0.09672200679779053
823321523813244,0.006941989064216614,0.003000006079673767,0.3223379999399185,0.2151859998703003
754853560155005,0.005482986569404602,0.0028540045022964478,0.06634899973869324,0.11216700077056885
849313949510448,0.005232006311416626,0.0026410073041915894,0.06976400315761566,0.06472499668598175
212109229582785,0.0066519975662231445,0.00304199755191803,0.1944890022277832,0.10586600005626678
700289650074757,0.008772999048233032,0.02326299250125885,0.04584699869155884,0.025518998503684998
899424599152713,0.006704002618789673,0.003246009349822998,0.044932007789611816,0.04471699893474579
604316092887084,0.0069780051708221436,0.022238001227378845,0.6021069884300232,0.41745300590991974
920850943439462,0.01253800094127655,0.010801002383232117,0.2400120049715042,0.19200600683689117
85291432618808,0.006490007042884827,0.003174006938934326,0.10147200524806976,0.0843529999256134
717116032723184,0.007128000259399414,0.0031419992446899414,0.332860991358757,0.273842990398407
18196302890942,0.00851200520992279,0.003350004553794861,1.4563570022583008,1.4534949958324432
671382796433238,0.011934995651245117,0.0051539987325668335,0.10152798891067505,0.06109800934791565
644610886669987,0.013081997632980347,0.005074992775917053,12.101686000823975,10.279800996184349
374921955692824,0.04250499606132507,0.006224989891052246,0.04641500115394592,0.026342004537582397
452422921164460,0.00770801305770874,0.0033330023288726807,0.22729699313640594,0.17446599900722504
546770173972908,0.005366995930671692,0.0025909990072250366,0.113863006234169,0.08835300803184509
682192604313149,0.0053820013999938965,0.0040359944105148315,0.07322598993778229,0.05762000381946564
716749616960386,0.011351004242897034,0.0032390058040618896,0.3738600015640259,0.3078249990940094
569988075735596,1.8916120082139969,0.00583900511264801,0.09774799644947052,0.08076700568199158
221207275155872,0.00917099416255951,0.0068350136280059814,2.659493997693062,1.952562004327774
675050380457787,0.015425994992256165,0.0061959922313690186,0.13223500549793243,0.11004400253295898
794310256443513,0.0064820051193237305,0.0029940009117126465,0.030545011162757874,0.02596399188041687
424463634929262,0.006753996014595032,0.0031820088624954224,0.5767270028591156,0.457176998257637
8833723952093,0.008000999689102173,0.0033079981803894043,0.2598000019788742,0.3289009928703308
21590998129802,0.8663080036640167,0.007599994540214539,0.0376179963350296,0.02763400971889496
313699763054862,0.017887011170387268,0.0054579973220825195,2.3803469985723495,1.9888329952955246
189891027906499,0.016136005520820618,0.005989000201225281,0.7000509947538376,0.5519410073757172
78823263291048,0.007169991731643677,0.003187999129295349,0.05364100635051727,0.045433998107910156
741293024948414,0.005477011203765869,0.0026239901781082153,0.04338899254798889,0.035457998514175415
921199352588356,0.005506008863449097,0.002530992031097412,0.016963988542556763,0.014563009142875671
107565439130852,0.007490009069442749,0.003032997250556946,1.890400007367134,1.9678020030260086
188600391183553,0.03774099051952362,0.006979003548622131,3.014823004603386,3.0294730067253113
669436514671033,0.017023995518684387,0.006709009408950806,0.39809900522232056,0.36177100241184235
765633388962538,0.0143049955368042,0.004826992750167847,0.072284996509552,0.0639209896326065
292788046216873,0.011637002229690552,0.004118993878364563,0.7886060029268265,0.6589799970388412
532345655700151,0.016137003898620605,0.006796002388000488,0.578915998339653,0.4978040009737015
991512208886385,0.010416999459266663,0.00402599573135376,0.25605399906635284,0.1897829920053482
399239072402925,0.006555989384651184,0.0030060112476348877,0.06379300355911255,0.05176699161529541
277831895728965,0.007705986499786377,0.0034170001745224,1.0009319931268692,0.780579999089241
478803200519434,0.007280007004737854,0.003487005829811096,0.019072994589805603,0.014777004718780518
348536419079359,0.00495600700378418,0.002468988299369812,0.05811700224876404,0.04611000418663025
953137736614181,0.0064689964056015015,0.0029810070991516113,0.9434230029582977,0.7886539995670319
405187701113933,0.01212899386882782,0.004696011543273926,8.421851009130478,9.162090003490448
553565039322263,0.017315998673439026,0.0064370036125183105,0.0960560142993927,0.09318500757217407
936974051324657,0.03332199156284332,0.017655998468399048,0.029080986976623535,0.02475699782371521
913075869824056,0.00590100884437561,0.002875998616218567,0.031067997217178345,0.014796003699302673
785328007960952,0.007568001747131348,0.0030480027198791504,1.7588450014591217,1.3521679937839508
566523769227224,0.013166993856430054,0.004982993006706238,0.030550003051757812,0.0255730003118515
600945705419970,0.010678008198738098,0.0038210004568099976,85.34196500480175,79.74850499629974
535070121365599,0.02009500563144684,0.007280007004737854,0.6399089992046356,0.5166520029306412
800995333185311,0.016576990485191345,0.0055609941482543945,219.4053300023079,197.62562000751495
347165717357059,0.020914003252983093,0.025707006454467773,0.10074400901794434,0.0692719966173172
772709883752724,0.008035004138946533,0.0032569915056228638,0.030782997608184814,0.025435999035835266
823698438620586,0.008715003728866577,0.0032920092344284058,0.10690799355506897,0.09527100622653961
711342290551746,0.006323009729385376,0.0029170066118240356,0.03196200728416443,0.025385990738868713
577629085208488,0.006622999906539917,0.0030570030212402344,0.594529002904892,0.5234459936618805
955242731286743,0.013414010405540466,0.005294010043144226,0.8449289947748184,0.7301380038261414
639047952741977,0.010100007057189941,0.003654003143310547,10.04203499853611,8.019296988844872
374957208025915,0.01947300136089325,0.00762099027633667,0.07124899327754974,0.05607500672340393
308062875048313,0.008000999689102173,0.003317996859550476,0.03312499821186066,0.05239100754261017
994457118076199,0.015080004930496216,0.005799993872642517,1.0443309992551804,1.0007639974355698
435634717250771,0.017782002687454224,0.006110012531280518,0.4617680013179779,0.38597799837589264
98538581356307,0.007210001349449158,0.0034720003604888916,0.08892498910427094,0.07376299798488617
189816984427931,0.014252007007598877,0.005143001675605774,1.7920980006456375,1.6436409950256348
669889630204098,0.010584995150566101,0.004028990864753723,1.0104350000619888,0.9971949905157089
869454535420834,0.03385999798774719,0.0052430033683776855,0.018761008977890015,0.030275002121925354
246285592623918,0.005862995982170105,0.00286199152469635,0.12041500210762024,0.15611200034618378
741091294272965,0.008880004286766052,0.024015992879867554,4.634570002555847,3.4077600091695786
409765829482371,0.02446800470352173,0.008368998765945435,0.5665660053491592,0.5525470077991486
912427572902641,0.027008995413780212,0.0075460076332092285,2.768784001469612,1.9417040050029755
883811996877653,0.03208500146865845,0.007807999849319458,796.4043129980564,777.5264250040054
174872774196338,0.01990199089050293,0.006131991744041443,0.17294499278068542,0.10434401035308838
96713404301485,0.01267099380493164,0.005003005266189575,0.21930399537086487,0.11563798785209656
798170801402549,0.006547003984451294,0.0028810054063796997,0.09830799698829651,0.058313995599746704
781707180917252,0.008273005485534668,0.0032500028610229492,0.9595180004835129,0.3429329991340637
414434841982206,0.010840997099876404,0.004616007208824158,0.11730200052261353,0.06623400747776031
15648442328318,0.005882009863853455,0.0032719969749450684,0.1179639995098114,0.0852620005607605
771766623270478,0.005390003323554993,0.002647995948791504,0.021164000034332275,0.014724001288414001
558491624620447,0.004878997802734375,0.0024359971284866333,0.05804000794887543,0.03531099855899811
657090531363803,0.005238011479377747,0.0024809986352920532,0.05830800533294678,0.035078004002571106
166472798365689,0.004946991801261902,0.0024830102920532227,0.023079007863998413,0.014008000493049622
330730657093917,0.005235999822616577,0.0023459941148757935,0.1092350035905838,0.06619000434875488
785097326521578,0.004745006561279297,0.002279996871948242,0.022487998008728027,0.014632001519203186
640958096954780,0.0064239948987960815,0.003005996346473694,0.05608099699020386,0.03555800020694733
167090925474850,0.007472008466720581,0.002986997365951538,0.5378339886665344,0.31467899680137634
531417849868230,0.00989300012588501,0.0038970112800598145,0.11494800448417664,0.09145098924636841
753809616996498,0.006919994950294495,0.003604009747505188,0.7178599983453751,0.48907598853111267
973715984131543,0.03344300389289856,0.005298003554344177,2.734251007437706,2.385545000433922
233871699492292,0.03945399820804596,0.00667300820350647,1.237299993634224,1.489228993654251
290878478868913,0.012615993618965149,0.005152001976966858,0.1384119987487793,0.044829994440078735
881660409323110,0.012528002262115479,0.004945993423461914,13.185003995895386,11.183127999305725
303494083904070,0.018219009041786194,0.007004991173744202,0.9798659980297089,0.762039989233017
554417029917478,0.007339999079704285,0.0035720020532608032,0.017624005675315857,0.014982998371124268
372345044768612,0.005450993776321411,0.002661004662513733,0.018720000982284546,0.014274999499320984
356001560399399,0.0065890103578567505,0.0028949975967407227,0.8007250130176544,0.9352809935808182
41383631019855,0.03661699593067169,0.005915999412536621,46.30862200260162,47.761745005846024
878301226247491,0.018316000699996948,0.007256999611854553,0.631975993514061,0.5213780105113983
993603834934903,0.007882997393608093,0.003582999110221863,0.04650700092315674,0.03786998987197876
737777189516147,0.005656003952026367,0.002674996852874756,0.04154999554157257,0.035631999373435974
995266525212723,0.005369991064071655,0.002544000744819641,0.01554800570011139,0.014382004737854004
338277468716605,0.004892989993095398,0.002494990825653076,0.06924299895763397,0.056550994515419006
96420251295455,0.00723700225353241,0.0029269903898239136,0.12465900182723999,0.09889400005340576
647353520412192,0.006599009037017822,0.00285300612449646,0.042420998215675354,0.036969006061553955
723430635474102,0.004990994930267334,0.0023780018091201782,0.02995799481868744,0.024894997477531433
537688086362028,0.011509999632835388,0.004427000880241394,0.08424399793148041,0.07043199241161346
477300201847227,0.0063209980726242065,0.00285300612449646,0.07227998971939087,0.05693000555038452
501699859266711,0.008352994918823242,0.003362998366355896,0.7068299949169159,0.8593779951334
138904076914434,0.013106003403663635,0.005108997225761414,0.0183819979429245,0.01638999581336975
223912430320208,0.00631500780582428,0.0030830055475234985,0.14376699924468994,0.12450399994850159
709564052275856,0.0064730048179626465,0.0030300021171569824,0.016681000590324402,0.014470010995864868
460977551973824,0.005038008093833923,0.002606004476547241,0.031482994556427,0.025414004921913147
940477522710776,0.007934004068374634,0.0034199953079223633,8.721336990594864,9.089596003293991
375162693402146,0.05694499611854553,0.010082989931106567,0.03351700305938721,0.02800700068473816
996670059823427,0.011114999651908875,0.004582002758979797,0.07672600448131561,0.06083099544048309
848851475110609,0.00880199670791626,0.0036299973726272583,0.1351490020751953,0.1321289986371994
244414102741639,0.008621007204055786,0.0040809959173202515,0.08650100231170654,0.07450999319553375
675590073305470,0.00896500051021576,0.003613993525505066,0.3804839998483658,0.4183160066604614
184185116210050,0.2308729887008667,0.008438989520072937,0.7324099987745285,0.676817998290062
657204410023868,0.013471990823745728,0.005318999290466309,0.04724900424480438,0.03682000935077667
139317827623669,0.00795300304889679,0.0035749971866607666,0.04426899552345276,0.03750599920749664
999470645696094,0.007893010973930359,0.0032660067081451416,0.4424069970846176,0.4068540036678314
672527127138502,0.01210901141166687,0.004222989082336426,0.06780101358890533,0.02803400158882141
815298141563707,0.008555009961128235,0.003828004002571106,0.11958599090576172,0.10439799726009369
953111357701292,0.011459007859230042,0.005018994212150574,1.0768280029296875,0.7780259996652603
425867713197938,0.011934995651245117,0.004767000675201416,0.07429799437522888,0.057349011301994324
23758601833760,0.009146004915237427,0.0034269988536834717,2.9745610058307648,3.685695007443428
249916593038708,0.01738499104976654,0.006275996565818787,0.16708000004291534,0.11708299815654755
657348581430371,0.01258300244808197,0.005376994609832764,0.5464430004358292,0.42278799414634705
988039066689656,0.008552998304367065,0.0038660019636154175,0.017153993248939514,0.014670997858047485
770063944897832,0.008498996496200562,0.0035349875688552856,0.626690000295639,0.47854501008987427
508655754801270,0.007095009088516235,0.0032899975776672363,0.6818589866161346,0.5320080071687698
179776479054205,0.006321996450424194,0.002830997109413147,0.07064200937747955,0.05828499794006348
377839898939528,0.005503997206687927,0.002584010362625122,0.08123999834060669,0.06498301029205322
550833674024954,0.00748799741268158,0.0032500028610229492,0.7409829944372177,1.3493389934301376
510201267500691,0.015519991517066956,0.006102994084358215,0.3358979970216751,0.2978360056877136
561001837257590,0.008447006344795227,0.003461003303527832,0.5144789963960648,0.43050599098205566
781078552342655,0.016080990433692932,0.00508899986743927,4.2135220021009445,3.813135012984276
527613140396290,0.11391599476337433,0.009197995066642761,1.189993992447853,0.8025849908590317
913908917952845,0.011955991387367249,0.005227997899055481,0.017981991171836853,0.015253990888595581
788148480992097,0.007385000586509705,0.003322005271911621,1.058789998292923,0.8182850033044815
576467836105644,0.010706007480621338,0.004030004143714905,1.3449980020523071,1.205815002322197
607628912597197,0.014350995421409607,0.0058470070362091064,0.7860170006752014,0.7925630062818527
132044930860975,0.015761002898216248,0.005751997232437134,7.318573996424675,5.9210260063409805
957759178912584,0.018346011638641357,0.006761014461517334,0.4019179940223694,0.33959999680519104
504832426957123,0.03379499912261963,0.006302997469902039,0.02171500027179718,0.018146991729736328
877151081629145,0.008620008826255798,0.0032049864530563354,0.016738995909690857,0.01744501292705536
618654727849137,0.006613001227378845,0.002956002950668335,0.1054610013961792,0.051953986287117004
968908134336264,0.008820012211799622,0.0037639886140823364,0.24706900119781494,0.27701500058174133
408773190718576,0.012855008244514465,0.0050469934940338135,0.228984996676445,0.12265099585056305
951097296471442,0.06226998567581177,0.006304994225502014,1.399838000535965,0.8588839918375015
819739137784165,0.013591989874839783,0.005232006311416626,0.6312719881534576,0.44647200405597687
622433989291865,0.010670006275177002,0.004462003707885742,6.390000998973846,4.808814987540245
410542625738889,0.015751004219055176,0.005707994103431702,0.018344998359680176,0.015179991722106934
685438912925865,0.00921998918056488,0.003482997417449951,1.0271759927272797,1.1043979972600937
54453229330593,0.015598997473716736,0.0058479905128479,0.47529299557209015,0.46156400442123413
907714640183065,0.010888010263442993,0.004565998911857605,0.6703290045261383,0.5497420132160187
476428223934084,0.008033007383346558,0.0033790022134780884,0.5081110000610352,0.4000439941883087
896797472720234,0.006105989217758179,0.003130003809928894,0.01593400537967682,0.015343993902206421
595710995089560,0.006454005837440491,0.002965003252029419,0.07035000622272491,0.056101009249687195
515877005187105,0.005280002951622009,0.0025250017642974854,0.07113100588321686,0.05551700294017792
516448807273183,0.006878003478050232,0.0029180049896240234,0.20864900946617126,0.16386300325393677
231890944517164,0.0064509958028793335,0.00307600200176239,0.43332700431346893,0.3779450058937073
190424986109348,0.005795001983642578,0.0027530044317245483,0.05808199942111969,0.04537099599838257
392272881947962,0.0074520111083984375,0.0031769871711730957,2.0263809859752655,2.032478004693985
776015230681043,0.017632007598876953,0.006615996360778809,0.3770119994878769,0.3361469954252243
91488088321993,0.010888993740081787,0.004361003637313843,1.6715700030326843,2.2262479960918427
388280832509023,0.014538004994392395,0.005557000637054443,0.018219992518424988,0.01570400595664978
560320971294628,0.006716996431350708,0.002879008650779724,0.08490100502967834,0.08522398769855499
776628275762085,0.011822998523712158,0.004731997847557068,0.5797110050916672,0.7651070058345795
942900266850985,0.014371007680892944,0.032403990626335144,6.629043996334076,6.415230005979538
664890720288283,0.017297998070716858,0.006556004285812378,0.08224299550056458,0.05862899124622345
318102841368640,0.009474992752075195,0.0037670135498046875,19.728059992194176,17.99948100745678
343110284097021,0.018331989645957947,0.0064329952001571655,0.16288000345230103,0.1022069901227951
722416489518604,0.029094010591506958,0.0031279921531677246,0.07120800018310547,0.04790900647640228
982081541936393,0.007109001278877258,0.02929900586605072,1.0096269994974136,0.6629699915647507
226789069589784,0.012350007891654968,0.004566013813018799,0.11014699935913086,0.07376700639724731
131553591742346,0.00586700439453125,0.0029930025339126587,0.031415000557899475,0.024629995226860046
588584011913290,0.007517993450164795,0.0033349990844726562,0.9521459937095642,0.7577899992465973
152385421102611,0.009025007486343384,0.003836989402770996,6.169272005558014,6.012058988213539
781033094212674,0.018297001719474792,0.006912007927894592,0.15396100282669067,0.09462499618530273
485381080163141,0.011709988117218018,0.0047069936990737915,0.4484519958496094,0.35730500519275665
270903944462701,0.010933995246887207,0.0049000084400177,0.043340012431144714,0.02421000599861145
871170866355978,0.009571999311447144,0.004367992281913757,0.017489999532699585,0.014934003353118896
880902944071634,0.00680600106716156,0.002960994839668274,0.016634002327919006,0.014920994639396667
581011255378932,0.008083000779151917,0.003327995538711548,0.4690600037574768,0.36721600592136383
787569372277874,0.008272990584373474,0.0032719969749450684,0.8616209924221039,0.8040200024843216
184425764756571,0.014189004898071289,0.005695998668670654,0.24336901307106018,0.18491099774837494
708797017045813,0.006494000554084778,0.0031059980392456055,0.031404003500938416,0.025039002299308777
245366411554911,0.007853999733924866,0.0033299922943115234,7.002764001488686,7.047748997807503
909330414335790,0.034585997462272644,0.013215988874435425,0.218968003988266,0.1457729935646057
856065875499529,0.006752997636795044,0.0030689984560012817,0.09710399806499481,0.0769830048084259
93037383746543,0.009465008974075317,0.003784000873565674,10.230843991041183,10.456747993826866
481639947616324,0.016607999801635742,0.00662800669670105,0.03205099701881409,0.026732996106147766
164377245370104,0.00594601035118103,0.0028290003538131714,0.05754700303077698,0.04711998999118805
249620369983571,0.007435992360115051,0.0031760036945343018,0.3345170021057129,0.17380400002002716
325030479009954,0.009205996990203857,0.0035390108823776245,50.35267700254917,49.540133997797966
178976446862155,0.01864500343799591,0.007100000977516174,0.5663599967956543,0.44495199620723724
213262591736650,0.017131000757217407,0.005836993455886841,23.65861800312996,22.525949999690056
64679985763786,0.0169450044631958,0.006859004497528076,0.11256499588489532,0.13915199041366577
148537278204738,0.007054001092910767,0.002934008836746216,0.08287400007247925,0.08967600762844086
408385916619791,0.02112099528312683,0.0031010061502456665,0.27859099209308624,0.1499119997024536
217914756976974,0.007886990904808044,0.0030349940061569214,0.9537359923124313,0.6240230053663254
741106496650332,0.009579002857208252,0.003296002745628357,2.6304150074720383,2.1692360043525696
488257046116429,0.014470994472503662,0.006069988012313843,0.0928339958190918,0.07698699831962585
409137685772419,0.006638005375862122,0.002911999821662903,0.11454799771308899,0.09028199315071106
45562878209912,0.00568901002407074,0.002619996666908264,0.016899004578590393,0.014069005846977234
146556529485155,0.0069070011377334595,0.0028949975967407227,0.6037140041589737,0.43091000616550446
631156630693714,0.005756989121437073,0.0026549994945526123,0.057023003697395325,0.03642299771308899
749242929672403,0.005460992455482483,0.0026750117540359497,0.043512001633644104,0.03662899136543274
504393890156075,0.00686800479888916,0.0029409974813461304,0.7625160068273544,0.5305399894714355
77693244999383,0.009654998779296875,0.0035809874534606934,0.626458004117012,0.5734840035438538
615435011425105,0.008721992373466492,0.0033909976482391357,0.07127898931503296,0.057968005537986755
975230630382410,0.008090987801551819,0.0050420016050338745,2.414337009191513,2.0105930119752884
13466763934360,0.017305001616477966,0.006270989775657654,0.32766900956630707,0.3063960075378418
999783041500544,0.008910998702049255,0.004251003265380859,6.688422992825508,5.780431002378464
846669094747020,0.017118006944656372,0.006604999303817749,0.2578359991312027,0.3109370023012161
597670762942290,0.014559000730514526,0.004266008734703064,1.0126840025186539,0.7650469988584518
74335136785957,0.013380005955696106,0.00558200478553772,0.031576007604599,0.02410300076007843
844288745029817,0.006561011075973511,0.0028540045022964478,0.07748199999332428,0.06707300245761871
828516855481478,0.005424991250038147,0.0026410073041915894,0.01681700348854065,0.014465004205703735
58456541413567,0.004896998405456543,0.0024490058422088623,0.01678699254989624,0.013778001070022583
175238843168149,0.004737004637718201,0.0023999959230422974,0.07250499725341797,0.05663500726222992
508457496764362,0.007367998361587524,0.003085002303123474,0.41433000564575195,0.32176099717617035
439960702480919,0.0052479952573776245,0.0025610029697418213,0.10755600035190582,0.08674399554729462
260402284625845,0.005052998661994934,0.0023819953203201294,0.016833007335662842,0.014078989624977112
4306936204796,0.006253987550735474,0.003394991159439087,0.2119770050048828,0.2263990044593811
276970031358990,0.007929012179374695,0.003193005919456482,0.1632709950208664,0.12207500636577606
389473574369573,0.006494998931884766,0.0029009878635406494,0.24125200510025024,0.1962200105190277
110020068229207,0.006169989705085754,0.0028690099716186523,0.10810400545597076,0.07964000105857849
26000198546178,0.005756005644798279,0.0030039995908737183,0.0536310076713562,0.025291994214057922
906252616342627,0.007164999842643738,0.0028160065412521362,0.07249799370765686,0.07512299716472626
160837624009289,0.011858001351356506,0.004622995853424072,0.02063000202178955,0.015250995755195618
927404305094929,0.007530003786087036,0.00321999192237854,0.1296200007200241,0.08829998970031738
593781991055063,0.020541995763778687,0.006514996290206909,0.5482179969549179,0.32117100059986115
423737656824288,0.015539005398750305,0.00589299201965332,0.8570210039615631,0.664804995059967
669726654442030,0.01114700734615326,0.004347994923591614,0.4003649950027466,0.3345099985599518
490459528998175,0.04261399805545807,0.005980998277664185,0.5895120054483414,1.1571000069379807
875796105148216,0.012323006987571716,0.0049309879541397095,0.10526101291179657,0.07725000381469727
334509823516415,0.0070990025997161865,0.0031670033931732178,0.09240798652172089,0.08164899051189423
929895907497664,0.01178199052810669,0.0037410110235214233,254.33154499530792,233.53672198951244
284602069981873,0.02168099582195282,0.006659999489784241,2.0051189959049225,1.7354010045528412
98344773045554,0.015394002199172974,0.005721002817153931,13.324233010411263,12.852946013212204
751690932360878,0.017426013946533203,0.007132992148399353,0.017767012119293213,0.015612989664077759
376110639909567,0.006102010607719421,0.002794995903968811,0.016184002161026,0.014473989605903625
890882762248429,0.00510600209236145,0.002427995204925537,0.15973199903964996,0.08238399028778076
393570885341206,0.006313994526863098,0.002893000841140747,0.07843399047851562,0.1026039868593216
538399223713235,0.005197003483772278,0.0024119913578033447,0.028810009360313416,0.024908989667892456
145168159266723,0.00465799868106842,0.0023550093173980713,0.08147101104259491,0.03556199371814728
869778090310582,0.012241005897521973,0.0044209957122802734,0.47341999411582947,0.29862000048160553
273871867736388,0.007868006825447083,0.003277987241744995,1.0661900043487549,0.5378929972648621
924950773122754,0.010329008102416992,0.004170998930931091,2.1556230038404465,2.027987003326416
758307267427625,0.013705000281333923,0.005349993705749512,0.04515300691127777,0.036462992429733276
403568778990361,0.008009001612663269,0.003430008888244629,0.41740499436855316,0.3211289942264557
804217983301528,0.005933001637458801,0.0028499960899353027,0.08639399707317352,0.06806199252605438
289473042204469,0.0051449984312057495,0.0024629980325698853,0.03822200000286102,0.034272998571395874
57482783356476,0.0066699981689453125,0.0028859972953796387,0.22433599829673767,0.22510099411010742
278424980080959,0.03019300103187561,0.00662599503993988,0.05913399159908295,0.049065008759498596
306826237352452,0.013080000877380371,0.004529997706413269,0.12047599256038666,0.10255999863147736
569420050857742,0.015940994024276733,0.0052340030670166016,24.69487699866295,23.49465800821781
387276379590373,0.018697991967201233,0.006681010127067566,0.598126009106636,0.44235000014305115
778031612652549,0.006687000393867493,0.0029190033674240112,0.0639209896326065,0.056419000029563904
979355736982623,0.005199998617172241,0.0024159997701644897,0.015808001160621643,0.014484003186225891
22041943038049,0.0048500001430511475,0.002271994948387146,0.12189199030399323,0.09302200376987457
684810079802090,0.00692400336265564,0.0030110031366348267,1.2898650020360947,1.014967992901802
46535447710701,0.0064640045166015625,0.002590000629425049,0.038193002343177795,0.02838999032974243
440042236821228,0.00478699803352356,0.0023189932107925415,0.11271899938583374,0.0857120007276535
214321649434749,0.005013003945350647,0.002286002039909363,0.07416799664497375,0.05509099364280701
264668944164725,0.005057007074356079,0.0022879987955093384,0.08589901030063629,0.056032001972198486
801395144409194,0.006276994943618774,0.0026130080223083496,0.3852449953556061,0.3775620013475418
16602819161911,0.012004002928733826,0.004439011216163635,10.82744699716568,10.284500002861023
853433379472043,0.016926005482673645,0.006203994154930115,0.3887290060520172,0.33111999928951263
923939966941720,0.011984005570411682,0.005005002021789551,0.7672379910945892,0.36101099848747253
393914976234211,0.013558998703956604,0.005079999566078186,11.42195799946785,10.854544997215271
867782513826471,0.017727002501487732,0.006380006670951843,0.3549789935350418,0.29545600712299347
973103316465225,0.006105989217758179,0.0031960010528564453,0.0404139906167984,0.034630000591278076
941504220590631,0.00784599781036377,0.003398999571800232,0.6441599875688553,0.49802200496196747
515118664024967,0.007928997278213501,0.003215000033378601,0.01821199059486389,0.015988007187843323
391916047105268,0.004960000514984131,0.002463996410369873,0.029808998107910156,0.02497999370098114
433440749300245,0.004477992653846741,0.0022910088300704956,0.02922201156616211,0.014189004898071289
170797005805483,0.005961999297142029,0.003000006079673767,0.5302919894456863,0.41770699620246887
445971037915410,0.008367002010345459,0.003158003091812134,47.408747002482414,59.62994700670242
354424835724394,0.04925699532032013,0.02232399582862854,0.12698400020599365,0.18129900097846985
163851977039699,0.014233991503715515,0.005344003438949585,0.40972699224948883,0.36029599606990814
778764808588183,0.015401005744934082,0.006007000803947449,0.2757209986448288,0.20496200025081635
80053446263292,0.04150700569152832,0.02630600333213806,1.0221759974956512,0.963144987821579
958612340627434,0.012076005339622498,0.004574999213218689,0.018325001001358032,0.015750005841255188
787022251817272,0.00709100067615509,0.021390989422798157,0.8586070090532303,0.6416319906711578
598544674532514,0.013625994324684143,0.005555003881454468,0.04229900240898132,0.05414600670337677
807017161905535,0.019174009561538696,0.004638001322746277,0.07064799964427948,0.027488991618156433
296738280139306,0.00883398950099945,0.003863006830215454,0.08106300234794617,0.100382000207901
195895161148277,0.012308001518249512,0.004800006747245789,0.8986479938030243,0.6573200076818466
625092488639140,0.017377987504005432,0.006072998046875,0.5032690018415451,0.3960369974374771
363480425988004,0.0201990008354187,0.006547003984451294,0.1281069964170456,0.09010200202465057
653163951935738,0.018110007047653198,0.008554995059967041,0.11777999997138977,0.08751499652862549
191110109364953,0.016470998525619507,0.0061150044202804565,0.9175869971513748,0.78056900203228
384931916989395,0.017212003469467163,0.006154999136924744,0.2986599951982498,0.2110529989004135
400254035400104,0.008731991052627563,0.0032700002193450928,0.05667200684547424,0.048729002475738525
525728048021782,0.010483995079994202,0.0038440078496932983,0.07454600930213928,0.06398800015449524
986740840821632,0.009961992502212524,0.003626003861427307,0.7014049887657166,0.8727300018072128
980992734984248,0.013517990708351135,0.005240991711616516,0.05747400224208832,0.04747200012207031
12904288692729,0.007964998483657837,0.003116995096206665,0.10851199924945831,0.3134080022573471
221839040819593,0.013896003365516663,0.005246996879577637,0.6420450061559677,0.4340429902076721
596584515293422,0.13608099520206451,0.008050993084907532,1.4724939912557602,1.1156800091266632
120662054358912,0.014357000589370728,0.005863994359970093,0.01926998794078827,0.015043988823890686
495048887253082,0.007938995957374573,0.0032449960708618164,0.2412789911031723,0.18424999713897705
649932834425250,0.014988988637924194,0.005899995565414429,0.4905869960784912,0.3874569982290268
371670309453952,0.03028300404548645,0.006319001317024231,2.0599290132522583,2.8182440102100372
680738370400978,0.01603199541568756,0.005892008543014526,0.01876799762248993,0.015840008854866028
984435206924197,0.009513989090919495,0.0033259987831115723,0.7256889939308167,0.6520669907331467
449967876757212,0.010468006134033203,0.00402599573135376,0.01716899871826172,0.014504998922348022
214526739832910,0.007978007197380066,0.003090009093284607,12.106596991419792,16.025166004896164
643567666925904,0.04023900628089905,0.018768996000289917,0.09040500223636627,0.08187299966812134
227003056656875,0.04140499234199524,0.007944002747535706,1.496628001332283,1.1469720005989075
667396688846193,0.01995900273323059,0.0069919973611831665,0.2281010001897812,0.18419399857521057
588773968862266,0.013947993516921997,0.004977002739906311,0.7205130010843277,0.4925049990415573
168714653387001,0.01625201106071472,0.0060039907693862915,0.019022002816200256,0.01642899215221405
999505312339894,0.0081930011510849,0.00346200168132782,0.08741100132465363,0.07152199745178223
720981648419838,0.0060570091009140015,0.0029530078172683716,0.07906599342823029,0.07085999846458435
95754310398983,0.008952006697654724,0.0035919994115829468,0.6487759947776794,0.9072320014238358
670284872653613,0.01600399613380432,0.0063299983739852905,0.035805001854896545,0.04582001268863678
119935951022557,0.009655997157096863,0.004832997918128967,0.03361399471759796,0.02770298719406128
998347078770417,0.006779998540878296,0.002987995743751526,0.08414098620414734,0.10793700814247131
328107559517036,0.011385008692741394,0.004945993423461914,0.050651997327804565,0.04133699834346771
2532324187687,0.009011000394821167,0.00370199978351593,0.11735600233078003,0.11858300864696503
724579920128393,0.009527996182441711,0.003850996494293213,0.8974670022726059,0.8643890023231506
186526010794433,0.025395989418029785,0.007596999406814575,256.0758040100336,236.67658099532127
965989754516012,0.019394993782043457,0.00639401376247406,0.01770399510860443,0.016002997756004333
303751180548706,0.0062180012464523315,0.002749994397163391,0.09909600019454956,0.07179699838161469
879151029326621,0.011987000703811646,0.0039739906787872314,64.20890098810196,58.27111899852753
159814657751459,0.018665999174118042,0.007061004638671875,0.0605430006980896,0.050119996070861816
921693698528408,0.0070679932832717896,0.003054007887840271,0.11530099809169769,0.09178799390792847
703007750630960,0.009362995624542236,0.0034720003604888916,8.681653007864952,8.552158996462822
470597520684284,0.019075006246566772,0.006944999098777771,0.2287369966506958,0.21815699338912964
682035016407053,0.008997991681098938,0.0037270039319992065,0.4410349875688553,0.34511299431324005
164812563368287,0.008255988359451294,0.0033659934997558594,0.8514159917831421,0.6690969914197922
168376646794102,0.012636005878448486,0.005365997552871704,0.037770986557006836,0.030170008540153503
611709787369584,0.009188994765281677,0.004142001271247864,0.444350004196167,0.3555479943752289
530517242987300,0.01587200164794922,0.0045500099658966064,28.43817700445652,26.534669995307922
543037004919014,0.019561007618904114,0.00716400146484375,0.047474995255470276,0.04068998992443085
950311660555790,0.011536002159118652,0.004043996334075928,0.18802200257778168,0.2379699945449829
196228896500232,0.04436101019382477,0.005300000309944153,0.2416120022535324,0.15309099853038788
751434803543772,0.025801002979278564,0.007882997393608093,6.036862000823021,5.994913011789322
552131116030135,0.01512099802494049,0.006093993782997131,0.031157001852989197,0.02579200267791748
862799712409763,0.010245010256767273,0.0035839974880218506,39.94125498831272,34.39180999994278
4013814379757,0.017113998532295227,0.006406992673873901,0.031231999397277832,0.031248003244400024
953859587125799,0.008234009146690369,0.0034759938716888428,0.25701600313186646,0.24439799785614014
304818598203874,0.008490994572639465,0.003537997603416443,1.2313740104436874,0.7520370036363602
612190502929325,0.014870986342430115,0.004834994673728943,0.04765699803829193,0.062491998076438904
606606756327770,0.016223996877670288,0.005420014262199402,74.33127500116825,66.86125999689102
702164018619601,0.05553199350833893,0.007759988307952881,0.051760002970695496,0.01730400323867798
734782764952319,0.007734999060630798,0.0031690001487731934,0.12544000148773193,0.12478199601173401
273512278624118,0.006177991628646851,0.003160998225212097,0.10966600477695465,0.19144199788570404
583617619926062,0.007207006216049194,0.0029480010271072388,0.28973500430583954,0.24264700710773468
821158886574280,0.025277987122535706,0.00321100652217865,0.862976998090744,0.6262990087270737
655750736855981,0.008822008967399597,0.0033929944038391113,3.2880709916353226,2.8010959923267365
889740060167271,0.01813700795173645,0.006742998957633972,0.753244012594223,1.2985799908638
264075997989670,0.014524996280670166,0.005741998553276062,0.061409011483192444,0.048864006996154785
160892073727296,0.007778003811836243,0.0033870041370391846,0.5364619940519333,0.4328929930925369
887423221728307,0.007520005106925964,0.003001987934112549,0.086341992020607,0.07913300395011902
544055015476769,0.006757006049156189,0.002826005220413208,0.04354199767112732,0.034761011600494385
182170185630831,0.008472993969917297,0.003125995397567749,0.4765619933605194,0.3038810044527054
22443846034034,0.012542009353637695,0.005248010158538818,0.017243996262550354,0.014528006315231323
53312319668521,0.01009000837802887,0.003885999321937561,18.404507994651794,17.93672800064087
204703239950358,0.017224997282028198,0.006586998701095581,0.048673003911972046,0.040546998381614685
201679353783793,0.00903300940990448,0.003466993570327759,0.23518499732017517,0.18624699115753174
265924246904795,0.007620006799697876,0.0033559948205947876,0.26373299956321716,0.2538429945707321
584703669937472,0.012708991765975952,0.022597000002861023,0.4083699882030487,0.36364899575710297
455461581773841,0.013529002666473389,0.005133002996444702,0.5318370014429092,0.3853669911623001
534885637200586,0.013242989778518677,0.005548998713493347,0.12347500026226044,0.10648900270462036
877560509748623,0.0074120014905929565,0.003380998969078064,0.017045006155967712,0.01590000092983246
706834419038616,0.005520999431610107,0.0025100111961364746,0.07269400358200073,0.0626479983329773
546521052594813,0.005650997161865234,0.0026730000972747803,0.03059999644756317,0.026697993278503418
184240825564554,0.008013010025024414,0.0032320022583007812,1.4550370126962662,1.4067519903182983
693703899779193,0.020483002066612244,0.006569996476173401,0.2145639955997467,0.16094200313091278
334587072538489,0.01023799180984497,0.004009991884231567,0.03759799897670746,0.017364993691444397
478114440258967,0.010342001914978027,0.0041160136461257935,0.017853006720542908,0.014614000916481018
289392399527540,0.03277099132537842,0.022142991423606873,21.680333003401756,20.547594994306564
34780051834642,0.02006600797176361,0.007581993937492371,2.2422769963741302,2.3119710087776184
21252903858476,0.015165001153945923,0.005798995494842529,0.24005798995494843,0.2383670061826706
720466936893098,0.007877007126808167,0.0029589980840682983,1.2142290025949478,0.9142179936170578
110144690236652,0.013664990663528442,0.005306988954544067,26.069932013750076,26.721693009138107
886064204663373,0.021025002002716064,0.007367998361587524,0.5301049947738647,0.4929340034723282
873658434165923,0.012534990906715393,0.0048540085554122925,0.026586994528770447,0.017268002033233643
634017899261262,0.008432000875473022,0.003604993224143982,0.5743740051984787,0.5416309982538223
385643735235771,0.01527799665927887,0.005634993314743042,2.3107579946517944,2.451676994562149
740982829255014,0.017224997282028198,0.006237998604774475,0.07965300977230072,0.11826799809932709
259732438930287,0.014755994081497192,0.005935996770858765,0.8767810016870499,0.6126779913902283
891776336138406,0.013838008046150208,0.005744993686676025,0.08122299611568451,0.08735600113868713
160419053936132,0.011865004897117615,0.01627299189567566,0.16475899517536163,0.12517599761486053
756644612602695,0.012083008885383606,0.004672005772590637,0.743365004658699,0.45104900002479553
706056399449436,0.015017986297607422,0.005919009447097778,0.12775900959968567,0.04155699908733368
191664012330340,0.012965992093086243,0.005104005336761475,0.14741700887680054,0.08808000385761261
584709175162479,0.007990002632141113,0.0033169984817504883,0.03252600133419037,0.028028011322021484
696052323356148,0.006889998912811279,0.0034909993410110474,0.06234200298786163,0.05243900418281555
769457565338173,0.0075379908084869385,0.0031420141458511353,0.23037399351596832,0.19486699998378754
82945393370241,0.007821992039680481,0.0037800073623657227,0.2641169875860214,0.2337469905614853
6354309794490,0.01357300579547882,0.005248010158538818,0.5820039957761765,0.6414659917354584
203964844659874,0.016098007559776306,0.00561898946762085,27.177878007292747,25.82048098742962
440915378408445,0.020517006516456604,0.008733987808227539,0.05427199602127075,0.01833200454711914
306774263445267,0.007472008466720581,0.00321999192237854,0.019611001014709473,0.01693500578403473
561110340968104,0.005849987268447876,0.0027699917554855347,0.06980200111865997,0.05081300437450409
570857563550755,0.009442999958992004,0.003439992666244507,9.410120010375977,9.505065992474556
552985616070458,0.02384600043296814,0.00812000036239624,0.05430099368095398,0.04349300265312195
462334324562637,0.007997989654541016,0.0033880025148391724,0.06424100697040558,0.08117400109767914
441113775201906,0.014389991760253906,0.005423009395599365,0.3053469955921173,0.08459299802780151
558574263140866,0.016774997115135193,0.005886003375053406,12.403679996728897,16.601535007357597
203044868031928,0.03534598648548126,0.007773995399475098,0.09794799983501434,0.07295998930931091
