number,solution,myTime,bp1time,bp2time,bp3time
9,-1,0.1073,0.0421,0.0485,0.0428
14,41,0.003,0.0225,0.0144,0.0147
19,91,0.0158,0.0035,0.0344,0.0511
20,-1,0.0025,0.0017,0.0015,0.0014
38,83,0.0162,0.0044,0.1072,0.0696
43,-1,0.0086,0.0018,0.0033,0.0018
46,64,0.0045,0.0027,0.0102,0.0234
65,-1,0.0236,0.0024,0.0257,0.003
74,-1,0.0057,0.0016,0.0017,0.0015
106,160,0.0031,0.0017,0.0284,0.0219
107,170,0.0026,0.0017,0.0352,0.0314
133,313,0.0042,0.0022,0.0737,0.0644
141,411,0.0075,0.0034,0.1609,0.1455
142,214,0.0083,0.0038,0.0303,0.0295
143,314,0.0043,0.0022,0.0872,0.0667
145,154,0.0042,0.0021,0.0067,0.0058
152,215,0.0037,0.002,0.0366,0.0341
158,185,0.0079,0.0037,0.0197,0.0157
159,195,0.0049,0.0027,0.0167,0.0158
172,217,0.0047,0.0024,0.0278,0.0241
187,718,0.004,0.002,0.454,0.2098
203,230,0.0023,0.0016,0.0154,0.0118
232,322,0.0055,0.0019,0.1303,0.0847
246,264,0.0055,0.0024,0.0104,0.0079
256,265,0.0032,0.0017,0.0133,0.0127
257,275,0.0039,0.0021,0.0109,0.0658
263,326,0.0035,0.002,0.034,0.0314
270,702,0.0077,0.0038,0.5364,0.1796
274,427,0.0089,0.004,0.0795,0.0611
284,428,0.004,0.0521,0.3645,0.0641
304,340,0.0027,0.0016,0.1673,0.0148
308,380,0.0027,0.0018,0.0311,0.0263
314,341,0.0051,0.0026,0.0173,0.0139
334,343,0.1506,0.003,0.0089,0.0073
347,374,0.0225,0.002,0.0119,0.0272
352,523,0.0032,0.0186,0.1658,0.3083
353,533,0.0035,0.0019,0.0683,0.2258
363,633,0.0053,0.0074,0.2742,0.187
377,737,0.0033,0.0018,0.2216,0.2198
380,803,0.037,0.0068,0.1984,0.1562
386,638,0.0061,0.0023,0.2969,0.314
397,739,0.0038,0.002,0.1842,0.1366
408,480,0.0024,0.0016,0.0387,0.0326
437,473,0.0071,0.0033,0.0277,0.8102
438,483,0.003,0.0019,0.0199,0.0173
440,-1,0.0041,0.0012,0.0018,0.0011
442,-1,0.0039,0.0008,0.0014,0.0029
450,504,0.006,0.0021,0.0913,0.0584
455,545,0.005,0.0024,0.0717,0.0552
456,465,0.0089,0.0037,0.0074,0.0057
459,495,0.0026,0.0017,0.0197,0.0157
470,704,0.0035,0.0021,0.2013,0.0842
476,647,0.0033,0.0019,0.1471,0.0913
477,747,0.0036,0.0021,0.6357,0.135
482,824,0.0039,0.0031,0.3173,0.1346
488,848,0.0036,0.0023,0.364,0.3999
495,549,0.0053,0.0024,0.0307,0.0625
530,-1,0.0021,0.0008,0.0012,0.0011
534,543,0.0027,0.0016,0.0049,0.0046
549,594,0.0024,0.0016,0.0202,0.085
567,576,0.0031,0.0019,0.0065,0.0054
577,757,0.0102,0.0046,0.0952,0.0722
582,825,0.0076,0.0034,0.1437,0.1414
584,845,0.0031,0.0022,0.3328,0.5963
587,758,0.0033,0.0019,0.0631,0.1174
588,858,0.005,0.0024,0.1665,0.2346
596,659,0.0032,0.0021,0.0451,0.06
604,640,0.003,0.0018,0.0388,0.533
626,662,0.0087,0.0085,0.0221,0.0378
642,-1,0.0023,0.0008,0.0015,0.0011
654,-1,0.0022,0.0008,0.0013,0.0012
656,665,0.0025,0.0018,0.0064,0.0058
703,730,0.0116,0.0046,0.0353,0.0393
718,781,0.0027,0.0017,0.0274,0.0246
725,752,0.0033,0.0018,0.0162,0.0122
738,783,0.0035,0.0022,0.0208,0.0752
740,-1,0.003,0.001,0.0014,0.001
750,-1,0.0027,0.001,0.0013,0.001
759,795,0.0028,0.0018,0.0181,0.0142
767,776,0.0032,0.0018,0.0086,0.0061
785,857,0.0213,0.0027,0.0478,0.0273
789,798,0.0027,0.0017,0.0051,0.0052
801,810,0.0031,0.0017,0.0057,0.005
815,851,0.0038,0.0038,0.0373,0.0492
828,882,0.0038,0.0023,0.0441,0.0228
849,894,0.003,0.0018,0.0253,0.0225
850,-1,0.0276,0.001,0.0015,0.001
866,-1,0.0051,0.0011,0.0016,0.0038
875,-1,0.0026,0.0008,0.0014,0.0011
891,918,0.0058,0.0026,0.0183,0.0137
892,928,0.0096,0.0032,0.0633,0.0516
916,961,0.008,0.0041,0.0304,0.0211
940,-1,0.0032,0.0009,0.0017,0.0012
941,-1,0.0022,0.0007,0.0012,0.001
950,-1,0.002,0.0007,0.0013,0.0008
966,-1,0.0038,0.0009,0.0014,0.0012
983,-1,0.002,0.0007,0.0012,0.0011
985,-1,0.0032,0.0009,0.0032,0.0012
996,-1,0.0085,0.0014,0.0023,0.0024
999,-1,0.0028,0.0009,0.0011,0.0009
1315,1351,0.0042,0.002,0.0191,0.0168
1491,1914,0.008,0.0034,0.1693,0.1846
1502,1520,0.0035,0.0018,0.0107,0.0104
1549,1594,0.0052,0.0025,0.0166,0.0216
1680,1806,0.0035,0.0021,0.144,0.0575
1813,1831,0.0097,0.0038,0.0096,0.0097
1955,5159,0.0085,0.0033,1.3516,1.593
2182,2218,0.0048,0.0024,0.0367,0.0167
2220,-1,0.0033,0.001,0.0012,0.0011
2252,2522,0.0041,0.0024,0.1108,0.2516
2397,2739,0.0055,0.0023,0.1483,0.1391
2516,2561,0.0025,0.0015,0.0173,0.0198
2846,2864,0.0037,0.002,0.0092,0.0106
3161,3611,0.0043,0.0021,0.4996,0.1841
3282,3822,0.0173,0.0059,0.3549,0.2545
3330,-1,0.0039,0.001,0.0012,0.0011
3369,3396,0.0139,0.0049,0.3644,0.0132
3419,3491,0.0094,0.0038,0.0525,0.0356
3472,3724,0.0073,0.0034,0.0843,0.1177
3552,5235,0.0122,0.0045,0.8048,0.8576
3568,3586,0.0029,0.0018,0.0079,0.0092
3622,6223,0.0054,0.0025,1.0015,1.3064
3643,4336,0.0097,0.0036,0.386,0.3644
3862,6238,0.0107,0.0044,0.989,1.2148
3876,6378,0.0052,0.0026,1.0046,1.1911
3943,4339,0.0103,0.0044,0.1353,0.1639
3963,6339,0.0059,0.0026,1.0005,1.2387
4131,4311,0.018,0.0056,0.0654,0.0884
4252,4522,0.0039,0.0021,0.099,0.1183
4311,-1,0.0041,0.001,0.0011,0.001
4736,4763,0.007,0.0031,0.0137,0.0144
4754,5447,0.0149,0.0052,0.2586,0.4099
4765,5467,0.0062,0.0027,0.2494,0.3034
4820,8024,0.0043,0.0024,1.3998,1.6649
4829,4892,0.004,0.0022,0.023,0.032
4950,5049,0.0051,0.0025,0.0397,0.045
5088,5808,0.0041,0.0025,0.2482,0.4078
5121,5211,0.0037,0.0021,0.095,0.2608
5392,5923,0.0043,0.0022,0.3822,0.282
5416,5461,0.0034,0.0019,0.027,0.0201
5454,5544,0.0115,0.0043,0.0362,0.0428
5553,-1,0.0051,0.0013,0.0016,0.0016
5825,5852,0.0023,0.0015,0.0103,0.013
5873,7358,0.0054,0.0027,0.5883,0.8432
5923,5932,0.0034,0.0019,0.0044,0.0057
6071,6107,0.0043,0.0021,0.0229,0.017
6149,6194,0.0036,0.0019,0.0176,0.0218
6167,6176,0.0025,0.0016,0.0559,0.0056
6281,6812,0.0033,0.002,0.1925,0.3671
6418,6481,0.007,0.0034,0.0231,0.029
6441,-1,0.0073,0.0017,0.0023,0.0013
6528,6582,0.0029,0.0015,0.0205,0.0261
6583,6835,0.0101,0.0037,0.1303,0.2473
6587,6758,0.0108,0.0043,0.0567,0.0781
6647,6674,0.0037,0.0021,0.0109,0.0133
6706,6760,0.0033,0.002,0.0201,0.0256
6740,7046,0.0063,0.0033,0.1362,0.1296
6789,6798,0.0243,0.0029,0.0066,0.0059
6853,8356,0.0058,0.0026,0.8563,0.8716
6870,7068,0.0043,0.0022,0.0733,0.0872
6906,6960,0.0026,0.0017,0.0204,0.0287
7005,7050,0.0052,0.0026,0.0194,0.0231
7030,7300,0.0065,0.0032,0.1706,0.1909
7222,-1,0.0045,0.0012,0.0013,0.0012
7256,7265,0.0034,0.002,0.0046,0.0055
7264,7426,0.0042,0.0022,0.057,0.0702
7275,7527,0.0036,0.0019,0.0923,0.1108
7542,-1,0.0033,0.001,0.0011,0.001
7769,7796,0.003,0.0016,0.0113,0.0134
7874,8477,0.0055,0.0026,0.2144,0.4114
7967,7976,0.0033,0.002,0.0056,0.0055
8001,8010,0.0028,0.0018,0.0047,0.0058
8074,8407,0.0087,0.0036,0.1211,0.178
8115,8151,0.0115,0.0047,0.0153,0.0185
8257,8275,0.0071,0.0031,0.0084,0.0107
8271,8712,0.0041,0.0023,0.274,0.1858
8417,8471,0.0032,0.0018,0.0285,0.0236
8674,8746,0.0063,0.003,0.0361,0.0347
8738,8783,0.0047,0.0022,0.0185,0.0206
8882,-1,0.0038,0.001,0.0012,0.0011
8975,9578,0.006,0.0027,0.3968,0.3248
9056,9065,0.0031,0.0017,0.005,0.0057
9129,9192,0.0087,0.0036,0.0665,0.0297
9160,9601,0.0047,0.0025,0.2381,0.2025
9420,-1,0.0037,0.0009,0.0016,0.001
9527,9572,0.0026,0.0016,0.0159,0.0197
9560,9605,0.0101,0.0041,0.0502,0.0284
9592,9925,0.0053,0.0027,0.1295,0.1326
9811,-1,0.0041,0.001,0.0015,0.0011
9964,-1,0.0028,0.0008,0.0011,0.0011
10413,10431,0.0043,0.0019,0.0107,0.0104
13412,13421,0.0037,0.0019,0.0061,0.0068
14357,14375,0.0046,0.0022,0.01,0.0109
14922,19224,0.0053,0.0027,2.586,2.4721
15244,15424,0.0039,0.0022,0.0926,0.1038
16233,16323,0.0067,0.0026,0.1534,0.0485
16634,16643,0.0029,0.0018,0.0057,0.0059
19768,19786,0.0157,0.0058,0.0134,0.012
21706,21760,0.0029,0.0016,0.0267,0.0266
21724,21742,0.0025,0.0016,0.0097,0.0106
23885,25388,0.0061,0.003,1.0376,0.8491
24250,24502,0.0057,0.0026,0.2206,0.1393
24559,24595,0.0027,0.0016,0.0177,0.0191
24563,24635,0.0054,0.0028,0.0307,0.0364
25517,25571,0.0033,0.0019,0.0263,0.0257
26849,26894,0.0031,0.0017,0.0234,0.0233
28710,70128,0.0062,0.0025,22.4259,28.3396
30160,30601,0.0044,0.0024,0.2272,0.3241
33867,33876,0.0025,0.0015,0.0054,0.0056
34385,34538,0.0042,0.0019,0.073,0.0702
35169,35196,0.0028,0.0016,0.0138,0.0153
36330,60333,0.0059,0.0028,12.7019,15.6688
36813,36831,0.0139,0.0057,0.0163,0.0123
37536,37563,0.003,0.0018,0.0162,0.0157
38413,38431,0.0072,0.0032,0.0112,0.0115
38643,43368,0.0158,0.0067,2.6029,2.6143
39544,43459,0.0091,0.0034,2.0002,2.3046
40121,40211,0.0044,0.0023,0.0471,0.0463
40690,40906,0.0043,0.0023,0.1505,0.1685
41096,41609,0.0105,0.0042,0.2582,0.2513
42020,42200,0.005,0.0027,0.0881,0.091
42058,42085,0.0037,0.0018,0.0146,0.0165
42799,42979,0.0058,0.0026,0.0928,0.0913
43043,43304,0.0038,0.002,0.1271,0.1277
44054,44405,0.0225,0.0019,0.5372,0.201
44648,44684,0.0028,0.0016,0.0413,0.0513
46264,46426,0.005,0.0024,0.0716,0.0848
48344,48434,0.0042,0.0023,0.0448,0.0478
48540,50448,0.0085,0.0032,1.0766,1.0766
49415,49451,0.0041,0.0024,0.0187,0.0227
54809,54890,0.0059,0.0028,0.034,0.0393
56921,59126,0.012,0.0048,1.1532,1.1771
57375,57537,0.0036,0.0022,0.1518,0.0852
61591,61915,0.0047,0.0022,0.1331,0.1705
61612,61621,0.008,0.0035,0.0055,0.0065
62752,65227,0.007,0.0029,1.3312,1.3418
62953,63259,0.0052,0.0024,0.1493,0.1542
63032,63203,0.0069,0.0031,0.0734,0.0862
63362,63623,0.0054,0.0028,0.1306,0.1318
64341,64413,0.0057,0.0027,0.0309,0.0367
64485,64548,0.0067,0.0025,0.0296,0.0494
66815,66851,0.014,0.0052,0.0203,0.0189
66902,66920,0.0076,0.0035,0.0107,0.0108
68345,68354,0.0096,0.0024,0.0057,0.0062
71457,71475,0.0034,0.0019,0.0104,0.0104
72797,72977,0.0243,0.0043,0.0904,0.0923
73455,73545,0.0142,0.0054,0.0546,0.0479
73978,73987,0.003,0.0017,0.0063,0.0065
76543,-1,0.0065,0.0014,0.0017,0.0012
76848,76884,0.0048,0.0022,0.018,0.0187
78812,78821,0.0126,0.0046,0.0073,0.0066
79054,79405,0.0115,0.0046,0.1661,0.3029
79629,79692,0.0132,0.005,0.0339,0.0348
81988,88189,0.0051,0.0023,3.2467,3.6881
82147,82174,0.0073,0.0032,0.0149,0.0159
82327,82372,0.0125,0.0052,0.0224,0.0244
83116,83161,0.0037,0.0019,0.0229,0.0249
83418,83481,0.0029,0.0017,0.0466,0.0322
83538,83583,0.0038,0.0019,0.025,0.0237
84128,84182,0.003,0.0018,0.0542,0.0443
84184,84418,0.0056,0.0025,0.1076,0.1188
84513,84531,0.0133,0.0055,0.0108,0.0121
86044,86404,0.004,0.002,0.1702,0.3403
86338,86383,0.0033,0.0019,0.0233,0.025
88467,88476,0.0026,0.0016,0.0079,0.1791
88570,88705,0.0094,0.0041,0.0632,0.0672
88672,88726,0.0047,0.0022,0.0253,0.0283
91252,91522,0.0034,0.002,0.1289,0.1296
91644,94146,0.0199,0.0024,1.3957,1.5531
93498,93849,0.004,0.0021,0.2539,0.1839
94249,94294,0.0028,0.0016,0.0241,0.0235
95043,95304,0.0054,0.0025,0.116,0.1501
95200,-1,0.0045,0.001,0.0013,0.0011
96110,-1,0.0143,0.0025,0.0032,0.0017
96119,96191,0.0039,0.0019,0.0376,0.038
96208,96280,0.0025,0.0014,0.0337,0.0359
97148,97184,0.0047,0.0022,0.0175,0.0193
97168,97186,0.0045,0.0024,0.0103,0.0114
98834,98843,0.004,0.0021,0.0053,0.0061
99932,-1,0.0092,0.0014,0.0016,0.0012
114660,116046,0.0057,0.0028,0.9357,0.7278
124295,124529,0.0098,0.0039,0.1319,0.147
147310,170134,0.0083,0.0033,14.8189,16.2226
156872,157268,0.0049,0.0022,0.2107,0.2326
158980,159088,0.0116,0.0042,0.0568,0.1989
162293,162329,0.0219,0.007,0.0246,0.024
172248,172284,0.0204,0.0028,0.3055,0.0231
178093,178309,0.0054,0.0024,0.1136,0.1137
184208,184280,0.003,0.0019,0.0404,0.0414
199171,199711,0.0168,0.0059,0.2942,0.6015
202692,202926,0.0044,0.0023,0.4078,0.1452
213119,213191,0.0081,0.0037,0.0608,0.088
216772,217267,0.0067,0.003,0.3134,0.2652
247119,247191,0.0068,0.0041,0.158,0.056
258997,259789,0.006,0.0026,0.4317,0.571
272121,272211,0.0068,0.0033,0.0513,0.0535
281809,281890,0.003,0.0017,0.0432,0.0431
285624,285642,0.0184,0.0064,0.0135,0.1866
291911,299111,0.018,0.0071,4.9178,4.6777
294573,294735,0.0061,0.0031,0.1077,0.1027
296154,296415,0.0042,0.0023,0.1607,0.1908
304798,304879,0.0043,0.0022,0.0481,0.0492
305803,305830,0.0035,0.0018,0.0197,0.0173
316332,321336,0.0058,0.0026,2.9663,3.0107
318891,318918,0.0039,0.0021,0.0155,0.018
326843,328346,0.0126,0.0046,0.9415,0.9546
330373,330733,0.0045,0.0026,0.2209,0.2265
332766,336267,0.0247,0.0028,2.2583,2.1084
334265,334526,0.0076,0.0037,0.1506,0.2512
348586,348658,0.0047,0.0023,0.0418,0.0453
367658,367685,0.0041,0.0022,0.0158,0.0167
376565,376655,0.0038,0.0021,0.0657,0.0484
383483,383834,0.0052,0.0027,0.1941,0.2681
385859,385895,0.0182,0.0064,0.0245,0.0217
407360,407603,0.0048,0.0026,0.1468,0.1435
424114,424141,0.0031,0.0017,0.0159,0.0179
462080,462800,0.0136,0.005,0.3984,0.6586
465915,465951,0.0038,0.002,0.0215,0.024
481291,481912,0.0055,0.0025,0.366,0.492
489257,489275,0.0059,0.0028,0.0316,0.028
505508,505580,0.0032,0.0018,0.0423,0.0416
506485,506548,0.0082,0.0036,0.042,0.0471
521414,521441,0.0049,0.0024,0.0171,0.0174
543906,543960,0.0038,0.0022,0.0316,0.0339
553779,553797,0.0043,0.0022,0.0121,0.0123
583060,583600,0.0056,0.0023,0.3007,0.3226
594672,594726,0.004,0.0023,0.0318,0.0329
642105,642150,0.0027,0.0018,0.0282,0.0278
647582,647825,0.0113,0.0045,0.1418,0.1495
652686,652866,0.0051,0.0026,0.1006,0.0999
657319,657391,0.0034,0.0017,0.0417,0.0422
659861,661589,0.0135,0.0046,1.067,1.2294
661631,663116,0.0069,0.0031,0.9101,0.8086
663012,663021,0.004,0.002,0.0067,0.0071
667341,667413,0.0047,0.0023,0.0461,0.0433
682430,683024,0.021,0.0071,0.4696,0.3978
740005,740050,0.0062,0.0031,0.0688,0.0271
740528,740582,0.0036,0.0021,0.0301,0.033
751949,751994,0.0033,0.002,0.0281,0.0255
769048,769084,0.009,0.004,0.0221,0.0368
784509,784590,0.0031,0.0018,0.0766,0.0739
812343,812433,0.0045,0.0025,0.0508,0.0515
828188,828818,0.0119,0.0049,0.3422,0.4011
829870,870289,0.0078,0.0029,26.1953,30.9205
831217,831271,0.0042,0.002,0.0294,0.0297
834252,834522,0.0047,0.0023,0.1772,0.2755
836244,836424,0.0062,0.0028,0.105,0.1107
838730,870338,0.0176,0.0065,19.1117,23.365
840466,840646,0.0042,0.0022,0.1018,0.1034
851790,851907,0.0035,0.002,0.0927,0.097
861901,861910,0.0102,0.0039,0.0072,0.0073
863491,863914,0.0111,0.0046,0.2377,0.3717
871867,871876,0.0082,0.0034,0.0069,0.0067
876195,876519,0.0234,0.0021,0.2148,0.1752
882178,882187,0.0033,0.0019,0.0068,0.0077
907663,930667,0.0214,0.0071,15.6882,17.8813
919876,961789,0.0071,0.0028,29.9973,35.0952
921018,921081,0.0046,0.0026,0.0376,0.0397
924246,924264,0.0138,0.0053,0.0125,0.0128
929940,940299,0.0064,0.0026,6.6973,7.5635
930617,930671,0.0033,0.0019,0.0289,0.0329
938451,938514,0.0154,0.0061,0.036,0.0378
945981,948159,0.0101,0.0041,1.4103,1.3869
948232,948322,0.0144,0.0051,0.0565,0.0529
949561,949615,0.0043,0.0023,0.0505,0.0659
950704,950740,0.0093,0.0043,0.0279,0.0271
970572,970725,0.0329,0.0047,0.1607,0.1081
972312,972321,0.0042,0.0024,0.0069,0.0078
985691,985916,0.0043,0.0022,0.1502,0.1431
1230954,1234059,0.0061,0.0029,2.4075,2.3061
1386626,1386662,0.0031,0.0018,0.0245,0.0236
1455352,1455523,0.0051,0.0028,0.1196,0.1311
1605474,1605744,0.0061,0.0028,0.2217,0.5527
1631260,1631602,0.0087,0.0041,0.2268,0.234
1754038,1754083,0.008,0.0036,0.0296,0.0299
1866504,1866540,0.0046,0.0021,0.0276,0.0292
1932539,1932593,0.0109,0.0041,0.0376,0.0366
1992009,1992090,0.0086,0.0037,0.0561,0.0548
2017574,2017745,0.0057,0.0029,0.1062,0.1038
2446138,2446183,0.0037,0.002,0.0286,0.028
2679285,2679528,0.0072,0.0031,0.1454,0.1523
2722796,2722967,0.0117,0.0053,0.1206,0.1199
2791072,2791207,0.0096,0.0037,0.0791,0.0825
2821391,2821913,0.0045,0.0023,0.5192,0.364
2938229,2938292,0.0036,0.0019,0.0398,0.0408
2988729,2988792,0.017,0.0059,0.0426,0.0462
3047752,3052477,0.0058,0.0025,3.4218,3.2426
3207474,3207744,0.0044,0.0023,0.3521,0.1917
3271025,3271052,0.0047,0.0023,0.0176,0.0181
3294884,3298448,0.0102,0.0039,3.6459,2.8907
3297170,3297701,0.0042,0.0023,0.3346,0.3207
3312711,3317112,0.006,0.0027,2.9436,3.3842
3315720,3317025,0.0085,0.0036,0.8507,0.9456
3412327,3412372,0.0029,0.0017,0.1828,0.0297
3508253,3508325,0.0109,0.0045,0.0495,0.0551
3522655,3525256,0.0149,0.0057,2.0677,1.929
3543894,3543948,0.0042,0.0022,0.0345,0.0473
3678338,3678383,0.0039,0.0022,0.0321,0.0332
3742342,3742423,0.0413,0.0053,0.1043,0.0678
4017481,4017814,0.0064,0.0028,0.2252,0.2131
4097055,4097505,0.0174,0.0061,0.27,0.4004
4189945,4189954,0.0028,0.0017,0.0079,0.0077
4237483,4237834,0.0048,0.0023,0.2412,0.2282
4246951,4249156,0.0051,0.0024,1.5439,1.5485
4321438,4321483,0.0163,0.0059,0.0337,0.0345
4413076,4413607,0.0081,0.0036,0.3387,0.3435
4494735,4494753,0.0043,0.0023,0.0146,0.0141
4559101,4559110,0.0036,0.002,0.0075,0.0081
4723420,4724023,0.006,0.0027,0.5447,0.4157
4792132,4792213,0.0051,0.0022,0.0521,0.0482
4797146,4797164,0.0037,0.002,0.013,0.0136
5092940,5094029,0.008,0.0032,0.799,0.8366
5280446,5280464,0.0027,0.0016,0.0266,0.0322
5453434,5453443,0.0075,0.0034,0.0091,0.0089
5527076,5527607,0.0043,0.0021,0.3029,0.4944
5610484,5610844,0.0049,0.003,0.2595,0.4125
5667011,5667101,0.0102,0.0038,0.0581,0.0601
5788453,5788534,0.0061,0.0031,0.0558,0.0613
5798806,5798860,0.0029,0.0018,0.0332,0.0356
6001241,6001412,0.0072,0.0038,0.1094,0.1061
6049017,6049071,0.0046,0.0022,0.0374,0.0395
6432379,6432397,0.0045,0.0022,0.0118,0.0124
6450338,6450383,0.0088,0.004,0.0333,0.037
6490850,6495008,0.0131,0.0047,3.1478,3.1037
6506126,6506162,0.0031,0.0017,0.0238,0.0234
6564168,6564186,0.004,0.0022,0.0144,0.0139
6700250,6700502,0.0043,0.0023,0.2688,0.1603
6721074,6721407,0.0203,0.0069,0.3222,0.2324
6753237,6753273,0.0098,0.0041,0.024,0.0257
6789034,6789043,0.003,0.0017,0.0069,0.0084
6794975,6795479,0.0064,0.0027,0.2894,0.2971
6979268,6979286,0.0039,0.0022,0.0149,0.0152
7182109,7182190,0.0031,0.0017,0.0504,0.0513
7338060,7338600,0.0108,0.0046,0.3704,0.4202
7404958,7404985,0.0211,0.0071,0.039,0.0233
7452457,7452475,0.0029,0.0017,0.0122,0.0128
7474300,7700344,0.0173,0.0056,157.6381,211.1849
7584253,7584325,0.0064,0.0029,0.0546,0.0535
7597869,7597896,0.0076,0.0032,0.0204,0.0183
7681220,7682012,0.0136,0.0055,0.4847,0.5766
8056826,8056862,0.0042,0.0026,0.0264,0.0272
8210069,8210096,0.0127,0.0059,0.0211,0.0214
8251492,8251924,0.0041,0.0021,0.2707,0.4362
8443883,8448338,0.0214,0.0061,3.1971,3.4152
8692449,8692494,0.0049,0.0023,0.0282,0.03
8728831,8731288,0.0125,0.0053,1.7222,1.8164
8801742,8802147,0.0208,0.0072,0.27,0.3981
8825446,8825464,0.0032,0.0019,0.0132,0.0177
9018284,9018428,0.0049,0.0024,0.0918,0.0924
9104380,9104803,0.004,0.0019,0.2605,0.3703
9120015,9120051,0.03,0.002,0.0233,0.024
9123750,9125037,0.0051,0.0022,0.8931,0.8046
9208338,9208383,0.0036,0.0023,0.0329,0.0352
9246110,9260114,0.0098,0.0036,10.9972,10.6685
9333521,9335123,0.0186,0.006,1.0881,1.04
9565320,9602355,0.0071,0.0031,26.2322,31.4504
9568488,9568848,0.0047,0.0023,0.2086,0.2165
9572671,9572716,0.005,0.0024,0.0308,0.0306
9617929,9617992,0.0038,0.002,0.0452,0.0551
9704197,9704719,0.0123,0.0053,0.3499,0.4522
9937965,9939567,0.0062,0.0029,1.3152,1.128
10034974,10037449,0.0071,0.0029,2.3934,2.4647
11418655,11451568,0.008,0.0031,27.4699,29.435
14396714,14396741,0.0032,0.002,0.0246,0.0209
15130011,15130101,0.0051,0.0023,0.0615,0.0641
16521485,16521548,0.0065,0.0028,0.0878,0.0495
17460209,17460290,0.007,0.0056,0.063,0.0572
17538861,17561388,0.0073,0.003,18.1624,18.7225
17659889,17659898,0.0053,0.0026,0.0119,0.0097
18254256,18254265,0.0036,0.002,0.0114,0.01
19367381,19367813,0.0114,0.0049,0.4363,0.3134
19440962,19442069,0.0256,0.0092,0.8126,0.757
21337605,21337650,0.0052,0.002,0.0338,0.0318
21587823,21587832,0.0048,0.0023,0.0081,0.0079
22165661,22166156,0.0182,0.0066,0.3442,0.3603
23607895,23607958,0.0067,0.0028,0.0449,0.0436
27205948,27205984,0.0134,0.0205,0.0276,0.0267
31233985,31235389,0.0133,0.005,1.1048,1.1178
31944194,31944419,0.0064,0.0027,0.2772,0.1555
32179244,32179424,0.0055,0.0027,0.2458,0.1331
33229206,33229260,0.1848,0.003,0.0725,0.0531
33964617,33964671,0.0113,0.0054,0.039,0.0387
34967621,34971266,0.0174,0.007,2.6973,3.1322
37572851,37575128,0.0142,0.0059,1.7226,1.7231
37937718,37937781,0.0036,0.0019,0.0416,0.0431
39407538,39407583,0.006,0.0029,0.0352,0.0327
39805694,39805946,0.0068,0.0027,0.2131,0.3149
40456888,40458688,0.013,0.0046,1.4051,1.3708
41229701,41229710,0.0032,0.0017,0.0112,0.0083
41582216,41582261,0.003,0.0017,0.0327,0.0475
41726945,41726954,0.0094,0.004,0.009,0.0086
42474620,42476024,0.0085,0.0036,0.9872,1.0966
42521715,42521751,0.009,0.004,0.0302,0.0264
45426261,45426612,0.0055,0.0025,0.2589,0.2438
47705403,47705430,0.0084,0.0037,0.0215,0.0224
49069029,49069092,0.0036,0.0019,0.0438,0.0432
50110631,50111036,0.0066,0.0028,0.2867,0.2817
51326678,51326687,0.0216,0.0062,0.0114,0.0183
51772111,52111177,0.0081,0.003,260.8551,299.8102
52023208,52023280,0.0051,0.0022,0.0478,0.0475
53164473,53164734,0.0054,0.0024,0.257,0.1803
55871847,55871874,0.0039,0.0022,0.0262,0.0195
56569099,56569909,0.0047,0.0025,0.5578,0.6721
57358173,57358317,0.0104,0.0042,0.1247,0.0959
57418819,57418891,0.0034,0.0019,0.1013,0.201
57602068,57602086,0.003,0.0017,0.0173,0.0138
58186181,58186811,0.0081,0.0034,0.4373,0.445
59118088,59118808,0.0044,0.0024,0.9241,0.5961
59829600,59860029,0.01,0.0038,23.4422,25.9512
62018751,62051178,0.0315,0.0061,25.5879,27.393
62495456,62495465,0.0171,0.0061,0.0174,0.0092
63210509,63210590,0.0048,0.0022,0.05,0.0511
64051465,64051546,0.0076,0.0035,0.0681,0.0541
64773966,64776369,0.0054,0.0024,1.9167,2.0394
65036936,65036963,0.0028,0.0017,0.0255,0.0189
66152032,66152203,0.0045,0.0021,0.1148,0.1185
68624752,68625247,0.006,0.0028,0.4724,0.3871
68625400,68640025,0.0067,0.0027,11.3649,11.1994
69946918,69946981,0.0063,0.0031,0.0467,0.0456
71266464,71266644,0.0061,0.0026,0.1243,0.1285
71302346,71302364,0.0138,0.0051,0.0147,0.0158
71680395,71680539,0.1089,0.0517,0.1576,0.1113
72098426,72098462,0.0031,0.0017,0.0255,0.0411
72875954,72879455,0.0056,0.0025,2.8168,2.6742
74080759,74080795,0.0038,0.0024,0.024,0.0249
74337966,74339667,0.0064,0.0027,1.2229,1.3196
74626373,74626733,0.0057,0.0026,0.2366,0.2446
75168779,75168797,0.0041,0.002,0.0189,0.0149
75936589,75936598,0.0088,0.0038,0.0097,0.009
77117991,77119179,0.017,0.006,0.9453,0.8456
77814603,77814630,0.0134,0.0054,0.0276,0.0213
78239710,78270139,0.0218,0.0067,24.3535,29.4492
80740071,80740107,0.0175,0.0066,0.0471,0.0329
80935056,80935065,0.0036,0.002,0.0078,0.0083
82297521,82512279,0.0214,0.0073,175.9064,195.2301
82555552,85225555,0.0091,0.0029,2038.1169,2339.3408
83270419,83270491,0.0142,0.0054,0.053,0.0495
84981607,84981670,0.0141,0.005,0.0445,0.0463
87631770,87637017,0.0048,0.0025,4.4311,4.1896
88721831,88723118,0.0118,0.0047,1.0574,0.8828
88739550,88750359,0.0086,0.0131,7.4457,8.2994
88991584,88991845,0.0191,0.0064,0.3111,0.185
90673214,90673241,0.0034,0.0018,0.0254,0.0212
91499443,91934449,0.0154,0.0051,345.2143,389.639
91522481,91522814,0.0043,0.0023,0.4709,0.2959
91971063,91971306,0.0037,0.0026,0.2054,0.1538
91989518,91989581,0.0044,0.002,0.052,0.0464
94460932,94462039,0.0055,0.0025,1.1416,0.9089
95563399,95563939,0.008,0.0034,0.3718,0.3773
95581513,95581531,0.004,0.002,0.0132,0.0149
97162377,97162737,0.0043,0.0022,0.2851,0.2869
97725207,97725270,0.0033,0.0018,0.0556,0.0486
102156911,102159116,0.0077,0.0031,2.0498,1.8553
110888936,110888963,0.0053,0.0024,0.0239,0.0217
117951852,117952158,0.0103,0.0039,0.4208,0.2317
121861075,121861507,0.0067,0.0029,0.3889,0.5183
130791061,130791106,0.0049,0.0023,0.0366,0.035
133654652,133655246,0.0189,0.0067,0.4589,0.5086
168423526,168423562,0.0033,0.0018,0.0283,0.0481
189594449,189594494,0.0081,0.0024,0.0713,0.0358
190835078,190835087,0.0312,0.0082,0.0115,0.0105
199204426,199204462,0.003,0.0017,0.1879,0.0331
200943411,200944113,0.0058,0.0033,0.5445,0.51
217365499,217365949,0.0063,0.0029,0.4177,0.394
221633983,221638339,0.0055,0.0025,3.9577,3.9284
230112496,230112649,0.0073,0.0036,0.1161,0.1111
243130970,243137009,0.0167,0.0066,5.1325,5.041
245402750,245405027,0.0052,0.0026,1.9473,2.1976
250436004,250436040,0.0046,0.003,0.032,0.0314
263646816,263646861,0.0036,0.0021,0.0403,0.0344
271273654,271274356,0.017,0.0069,0.5246,0.5103
276040016,276040061,0.0037,0.002,0.0386,0.0382
297402621,297406122,0.0058,0.0025,2.8683,2.8122
298091630,298093016,0.0175,0.0068,1.4305,1.389
298806987,298807689,0.0055,0.0025,0.5793,0.5327
322950226,322950262,0.0087,0.0038,0.0359,0.0311
326731821,326732118,0.0096,0.0039,0.2307,0.2175
328416802,328416820,0.0035,0.0025,0.0161,0.0169
361418142,361418214,0.0049,0.0024,0.0569,0.0552
377056625,377056652,0.0029,0.0094,0.0228,0.0229
379196533,379313569,0.0196,0.0066,97.4825,107.8493
391639272,391639722,0.0074,0.0042,0.3382,0.3483
401549521,401551249,0.0262,0.0039,1.7494,1.321
407688444,407844468,0.0075,0.003,133.6278,147.9942
412633590,412633905,0.0176,0.0063,0.3486,0.2984
414064944,414069444,0.0169,0.0063,3.9997,3.521
434571674,434571746,0.0046,0.0022,0.0579,0.0594
439637844,439638447,0.0053,0.0026,0.4653,0.5002
453410097,453410709,0.0068,0.0035,0.464,0.4492
459448204,459448240,0.0183,0.0067,0.0333,0.034
472828266,472828626,0.0165,0.0059,0.3435,0.2681
497710719,497710791,0.0113,0.0046,0.0659,0.0651
525235870,525237058,0.0051,0.0025,0.9252,0.9965
550545637,550545673,0.0029,0.0017,0.0288,0.0281
551388421,551412388,0.0068,0.0027,19.8461,21.4469
582115887,582117588,0.0094,0.0036,2.0165,1.5823
587322443,587323244,0.0088,0.0037,0.9127,0.6338
597612369,597612396,0.004,0.0021,0.0236,0.0232
603410652,603412056,0.109,0.0527,1.5415,1.2289
627396782,627396827,0.0323,0.0057,0.0567,0.0375
635046131,635046311,0.005,0.0025,0.1616,0.3796
640263811,640268113,0.0051,0.0024,3.5701,3.5031
640730360,640730603,0.0164,0.0059,0.201,0.1802
655867403,655867430,0.0027,0.0017,0.0224,0.0225
663939086,663939608,0.0037,0.0023,0.3967,0.3835
665828790,665828907,0.007,0.0031,0.1006,0.0963
667763002,667763020,0.004,0.021,0.016,0.0503
704483523,704483532,0.0051,0.0028,0.0096,0.0095
737702716,737702761,0.0045,0.0035,0.0362,0.0367
740545054,740545405,0.0153,0.0055,0.2974,0.3675
740602858,740602885,0.0029,0.0018,0.0223,0.0217
745265582,745265825,0.0043,0.0023,0.2182,0.1976
791505259,791505295,0.0033,0.0019,0.0289,0.0314
808991379,808991397,0.0037,0.002,0.0183,0.0166
813616283,813616328,0.013,0.0055,0.0427,0.0445
832866500,835002668,0.0123,0.0042,1773.6406,2018.9226
853466257,853466275,0.0037,0.0021,0.0151,0.016
857073303,857073330,0.0028,0.0017,0.0229,0.0231
862949829,862949892,0.0036,0.002,0.0513,0.0491
867653190,867653901,0.0163,0.0064,0.541,0.5654
874206980,874208069,0.0083,0.0036,0.8704,0.9088
875679417,875679471,0.0037,0.0021,0.0448,0.0449
888183142,888183214,0.0061,0.0025,0.0533,0.0538
895457016,895457061,0.0033,0.002,0.0366,0.0351
895924286,895924628,0.0062,0.0029,0.2566,0.2632
896810202,896810220,0.0033,0.0033,0.0159,0.0161
900875205,900875250,0.0058,0.0028,0.0363,0.0346
928283854,928284358,0.0369,0.0061,0.4311,0.3675
928675932,928679235,0.0054,0.0025,2.8318,3.5009
938135956,938135965,0.0034,0.0019,0.0087,0.0092
944321212,944321221,0.0198,0.0067,0.0103,0.0115
954623236,954623263,0.0033,0.0018,0.0219,0.0217
956403385,956403538,0.004,0.002,0.122,0.1164
958465394,958465439,0.0044,0.0023,0.0414,0.0398
958901544,958904145,0.0069,0.003,2.2377,2.27
968769954,968794569,0.034,0.0033,19.7413,21.3621
970020362,970020623,0.0055,0.0026,0.2046,0.2052
974001503,974001530,0.0032,0.0019,0.021,0.0212
989217143,989217314,0.0099,0.004,0.1338,0.1335
997850880,997858008,0.0139,0.0049,5.6607,6.2475
999896559,999896595,0.0033,0.0019,0.0265,0.0278
1086136060,1086136600,0.0109,0.0044,0.5353,0.9359
1315069861,1315081669,0.0072,0.0031,10.7262,10.9227
1326553500,1326555003,0.0179,0.0065,1.3075,1.2611
1347912022,1347912202,0.0044,0.0022,0.141,0.1444
1488790456,1488790465,0.0095,0.0041,0.0104,0.0109
1559799859,1559799895,0.0047,0.0022,0.0333,0.0303
1622878229,1622878292,0.0033,0.0018,0.0559,0.0516
1843640149,1843640194,0.0037,0.0019,0.0478,0.0412
2161742196,2161742619,0.0045,0.0022,0.5143,0.5763
2381619078,2381619087,0.0049,0.0025,0.0109,0.0125
2756374623,2756374632,0.0044,0.0021,0.0108,0.0121
3015817755,3015851577,0.0079,0.0027,35.6312,38.1615
3022762768,3022762786,0.0329,0.0025,0.0375,0.0211
3258759074,3258759407,0.0044,0.0022,0.545,0.3917
3497436789,3497436798,0.0039,0.002,0.0109,0.0115
3513635867,3513635876,0.0107,0.0045,0.0112,0.0125
3556282974,3556284279,0.0067,0.0027,1.435,1.3414
3560174007,3560174070,0.0047,0.0032,0.0793,0.0697
3560708915,3560708951,0.0053,0.0023,0.0567,0.0392
3572239306,3572239360,0.007,0.0031,0.0739,0.098
3669157798,3669157879,0.0044,0.0024,0.0774,0.0808
3734011549,3734011594,0.0033,0.0018,0.0438,0.0498
3882186864,3882188466,0.0053,0.0025,1.7223,1.5615
3950146517,3950146571,0.0044,0.0021,0.0529,0.0616
4011815159,4011815195,0.0036,0.0018,0.0354,0.0659
4461257189,4461257198,0.0034,0.0019,0.0106,0.0116
4481484641,4481486144,0.0123,0.0047,1.6342,1.9817
4575233852,4575235238,0.0152,0.0054,1.4382,1.4129
4679111316,4679111361,0.003,0.0017,0.0392,0.0448
4835073198,4835073819,0.0067,0.0031,0.7177,0.6887
4849594626,4849594662,0.0068,0.0132,0.1326,0.1102
4945311681,4945311816,0.0126,0.0048,0.1413,0.1849
5068070200,5068072000,0.0061,0.0027,2.3595,2.1665
5227779783,5227779837,0.0061,0.0028,0.0507,0.1179
5301510133,5301510313,0.0099,0.0041,0.1595,0.3062
5393349374,5393349437,0.0049,0.0024,0.0696,0.0651
5513994007,5513994070,0.0128,0.0051,0.0629,0.0673
5652631566,5652631656,0.0046,0.0023,0.0855,0.0899
5681393579,5681393597,0.0114,0.0039,0.0234,0.0231
5711992038,5711992083,0.0058,0.0026,0.0505,0.0784
5828332371,5828332713,0.0076,0.003,0.306,0.3628
5878446170,5878446701,0.0046,0.0022,0.536,0.7923
5912154056,5912154065,0.0042,0.002,0.0106,0.0123
6047692189,6047692198,0.0171,0.0055,0.0154,0.0136
6170819546,6170819564,0.0104,0.0041,0.0199,0.0212
6219397066,6219397606,0.0178,0.0066,0.6554,0.524
6240361299,6240361929,0.0044,0.0023,0.5902,0.9167
6267789168,6267789186,0.0069,0.0031,0.0231,0.0209
6466368266,6466368626,0.0117,0.0043,0.34,0.3551
6476941673,6476941736,0.0054,0.0026,0.0774,0.0626
6679957767,6679957776,0.0037,0.002,0.0106,0.0116
6681249469,6681249496,0.0137,0.0051,0.0642,0.0286
6697123651,6697125136,0.0279,0.0051,2.0464,1.5274
6728732862,6728736228,0.0104,0.0041,3.2971,4.0295
6780996419,6780996491,0.0044,0.0022,0.0694,0.0766
6914387018,6914387081,0.0093,0.0039,0.2815,0.0691
6942557619,6942557691,0.0116,0.0045,0.0667,0.0719
7123908130,7123908301,0.0152,0.006,0.1876,0.1768
7186962503,7186962530,0.0047,0.0022,0.0327,0.0298
7210779263,7210779326,0.0064,0.0028,0.0755,0.0667
7296408899,7296408989,0.0175,0.0065,0.1338,0.0989
7381297879,7381297897,0.0083,0.0036,0.0195,0.0199
7445431822,7445432128,0.0079,0.0029,0.4615,0.3132
7522580160,7522580601,0.021,0.0022,0.4849,0.5166
7598400157,7598400175,0.0149,0.0058,0.0252,0.3724
7710330665,7710335066,0.0054,0.0027,6.05,5.5195
7769043529,7769043592,0.0042,0.0021,0.0597,0.0704
7827377543,7827433577,0.015,0.0311,54.7969,61.7843
7927345849,7927345894,0.009,0.0038,0.0451,0.0474
8180991360,8180991603,0.0109,0.0044,0.276,0.4091
8274234014,8274234041,0.0076,0.0033,0.3633,0.0327
8507987704,8507987740,0.1485,0.0522,0.0603,0.0486
8524146215,8524146251,0.014,0.0054,0.0363,0.0389
8527758460,8527758604,0.012,0.0046,0.1326,0.3164
8539943016,8539943061,0.0052,0.0029,0.044,0.0518
8600074961,8600076149,0.0285,0.0047,1.6854,1.3013
8834882610,8834886012,0.0081,0.003,3.9934,3.5584
8842595400,8842900455,0.0217,0.0065,296.7721,335.8052
9066553125,9066553152,0.0039,0.002,0.028,0.0312
9122029060,9122029600,0.005,0.0025,0.5746,0.5696
9226984064,9226984406,0.036,0.0055,0.5176,0.3903
9293573379,9293573397,0.004,0.002,0.0196,0.02
9353752801,9353752810,0.0036,0.0017,0.0103,0.0129
9486789604,9486789640,0.005,0.0023,0.0339,0.0374
9516988222,9518222689,0.0158,0.0052,1237.6123,1354.4336
9567003497,9567003749,0.006,0.0043,0.4403,0.2607
9648292693,9648292936,0.0054,0.0026,0.2143,0.2569
9733035266,9733035626,0.0111,0.0044,0.3028,0.3669
9792000393,9792000933,0.005,0.0028,0.4752,0.5524
9843307923,9843307932,0.0039,0.002,0.0115,0.0127
9845727159,9845727195,0.0039,0.0021,0.0396,0.0384
9896734052,9896734205,0.0201,0.0073,0.1804,0.2864
9907718612,9907718621,0.003,0.0017,0.0689,0.0147
11411697549,11411697594,0.0041,0.002,0.0523,0.0525
11557276140,11557276401,0.0049,0.0027,0.3147,0.3461
13378114465,13378114546,0.0044,0.0028,0.0866,0.0878
17019823887,17019827388,0.0064,0.0027,3.8296,4.432
19345734523,19345734532,0.0042,0.002,0.0117,0.013
20693861712,20693861721,0.0031,0.0018,0.011,0.0124
21178502646,21178502664,0.005,0.0023,0.0368,0.0334
24070128402,24070128420,0.0034,0.0018,0.0205,0.0226
24719557225,24719557252,0.0104,0.0041,0.0296,0.0335
24819969486,24819969648,0.0043,0.0022,0.17,0.1825
25460171998,25460178199,0.0063,0.0026,7.0936,7.1043
26638310969,26638310996,0.0031,0.0018,0.0312,0.0316
27603590807,27603590870,0.0116,0.0039,0.0684,0.0811
29128651565,29128651655,0.0046,0.0023,0.0918,0.1004
29841277163,29841277316,0.005,0.0025,0.1633,0.4417
30056934211,30056941123,0.0147,0.0054,7.5251,8.3878
30509564354,30509564435,0.0061,0.0027,0.0833,0.0871
30541298120,30541298201,0.0047,0.0024,0.2776,0.0891
31117431665,31117435166,0.0169,0.006,3.8298,5.1828
32280542310,32280543012,0.0062,0.0025,0.7428,0.8111
34227683989,34227683998,0.0028,0.002,0.0151,0.0129
36064028198,36064028819,0.0048,0.0024,0.6243,0.8427
36594235144,36594235414,0.0048,0.0023,0.2803,0.3204
37186226987,37186227689,0.017,0.0059,0.7011,1.0281
37524823080,37524823800,0.0225,0.0076,0.7562,0.7948
37571381049,37571381094,0.0075,0.0033,0.049,0.0529
39473475992,39473479259,0.0175,0.0064,3.7445,3.9902
40119142584,40119142845,0.0064,0.0028,0.2765,0.2831
40123375637,40123375673,0.003,0.0018,0.0425,0.0415
40550561627,40550561672,0.0059,0.0021,0.0519,0.0506
41970543240,41970543402,0.0044,0.0023,0.1796,0.1932
45016439524,45016439542,0.0045,0.0022,0.0215,0.0243
45378647751,45378651477,0.01,0.0034,5.069,4.4179
45924339879,45924339897,0.0082,0.004,0.0217,0.0234
50337015642,50337016245,0.0164,0.0064,0.6381,0.6718
51615931534,51615931543,0.0038,0.0021,0.0124,0.0132
51627919273,51627919327,0.0048,0.0025,0.0577,0.0626
51642557130,51642557301,0.0105,0.0045,0.1822,0.1967
52210497730,52210703479,0.0078,0.0029,220.657,244.6213
53724100557,53724100575,0.0173,0.0054,0.0366,0.0385
53874439463,53874439634,0.0072,0.0032,0.176,0.1972
54118490025,54118490052,0.0037,0.0021,0.0282,0.0308
54414368850,54414380568,0.0186,0.0064,13.6977,15.2599
55883736532,55883752336,0.007,0.0029,17.1257,22.9061
55985704545,55985704554,0.0038,0.0022,0.0125,0.0141
56374305426,56374305462,0.0036,0.0019,0.0377,0.0439
56655163098,56655163809,0.007,0.0028,0.7205,0.791
56660095914,56660095941,0.0143,0.0054,0.0321,0.0336
57270630699,57270630969,0.0043,0.0023,0.2816,0.3146
60115203638,60115203683,0.0066,0.0029,0.0489,0.0536
60242914867,60242914876,0.003,0.0017,0.0119,0.0131
60243329468,60243329486,0.0034,0.0019,0.021,0.0246
62352889846,62352889864,0.0031,0.0018,0.022,0.0225
63371600095,63371600509,0.0074,0.0024,0.7042,0.6608
65285293510,65285295013,0.0115,0.0046,1.4149,2.0185
65597341374,65597341437,0.0052,0.0026,0.0649,0.0724
65745294236,65745294263,0.0049,0.0029,0.0308,0.0328
66406711174,66406711417,0.0044,0.0024,0.245,0.3089
66478725673,66478725736,0.0061,0.003,0.0632,0.0724
67575397938,67575397983,0.006,0.0033,0.0483,0.0532
69055045820,69055048025,0.0089,0.0037,2.2811,2.4302
69160645166,69160645616,0.0085,0.0036,0.4577,0.5219
70398221651,70398225116,0.0116,0.0045,4.1077,4.2262
71185643581,71185643815,0.005,0.0024,0.239,0.292
71779875527,71779875572,0.0037,0.0021,0.0525,0.0563
72139094779,72139094797,0.0098,0.0041,0.0211,0.0227
73906165564,73906165645,0.0043,0.0022,0.0925,0.0982
75768418642,75768421468,0.0065,0.0026,3.6894,4.1461
78085665897,78085665978,0.0055,0.0026,0.0884,0.0965
78358052964,78358054269,0.0155,0.0052,1.4718,1.4783
78676718059,78676718095,0.0031,0.0017,0.051,0.0619
79627741028,79627741082,0.0154,0.0054,0.0586,0.0628
82149127499,82149127949,0.0046,0.0023,0.4699,0.5092
82342563238,82342563283,0.0046,0.0022,0.0481,0.0532
84725905161,84725905611,0.0157,0.0056,0.6239,0.5162
84990924764,84990926447,0.0072,0.0029,1.9168,1.8529
86816366766,86816367666,0.0077,0.003,0.9475,1.1318
86921872521,86921875122,0.0124,0.0048,2.6761,3.1627
87207664773,87207667347,0.019,0.0061,2.8841,2.8739
90536174150,90536174501,0.0047,0.0023,0.3777,0.3939
92897079824,92897079842,0.0037,0.0021,0.0201,0.0366
93307662454,93307662544,0.0106,0.005,0.0938,0.1022
93954386385,93954386538,0.0046,0.0025,0.1651,0.1878
94173160255,94173160525,0.0058,0.0027,0.2652,0.2954
94236762471,94236762714,0.0106,0.0036,0.3477,0.5727
94292661779,94292661797,0.0041,0.0021,0.0201,0.0222
96796013522,96796015223,0.007,0.0027,1.7108,1.9104
97807016461,97807016614,0.0048,0.0023,0.1566,0.1947
103084876682,103084876826,0.0067,0.003,0.1919,0.1797
121557705431,121557710345,0.0098,0.0038,6.4754,6.2789
140812212798,140812212879,0.0044,0.0024,0.0928,0.1
157119758568,157119758586,0.0048,0.0023,0.023,0.0244
165911430358,165911430385,0.0039,0.002,0.0339,0.0352
173060635028,173060635082,0.0125,0.0049,0.0658,0.0678
181709267033,181709267303,0.0115,0.0046,0.3441,0.3597
188610372921,188610379122,0.0063,0.003,8.0644,7.8758
199819077499,199819077949,0.0041,0.0023,0.5063,0.5903
203410536486,203410536648,0.0039,0.0025,0.1851,0.1934
208584258412,208584258421,0.0033,0.0018,0.0125,0.0145
224052129314,224052129341,0.0052,0.0025,0.0354,0.0371
238368273408,238368273480,0.0141,0.006,0.0833,0.0883
240222597254,240222597425,0.0245,0.0237,0.2528,0.2982
266804640320,266804642003,0.0067,0.0034,2.1821,2.4529
280949887074,280949887407,0.0048,0.0024,0.3828,0.4253
281901651661,281901656116,0.0167,0.0059,5.5574,5.9355
288339861334,288339861343,0.0041,0.0021,0.0126,0.0132
292620456623,292620456632,0.0175,0.0065,0.0153,0.0172
294331218414,294331218441,0.011,0.0044,0.0337,0.0365
317066135567,317066135576,0.0034,0.0019,0.0134,0.015
324735837807,324735837870,0.0067,0.0033,0.0756,0.0777
330895622028,330895622082,0.0114,0.0044,0.0619,0.1095
338228090023,338228090032,0.0047,0.0024,0.0132,0.0143
338608787938,338608787983,0.0031,0.0018,0.0558,0.0567
371783637851,371783638157,0.0055,0.0025,0.3504,0.3867
380080141821,380080142118,0.0144,0.0055,0.3418,0.3602
390450004999,390450009499,0.0079,0.0031,6.0157,6.0552
399249073353,399249073533,0.0175,0.0062,0.1971,0.2289
404683615582,404683615825,0.0055,0.0027,0.3498,0.3129
409691850892,409691850928,0.0057,0.0026,0.0435,0.0458
421579861422,421579862124,0.0074,0.003,0.8142,0.983
444638071870,444638077018,0.0088,0.0034,6.4424,7.0452
454392057865,454392058567,0.0056,0.0027,0.7743,1.0579
455028783285,455028783528,0.0096,0.0044,0.2749,0.2911
465501057407,465501057470,0.0047,0.0024,0.2813,0.0822
466873249773,466873273479,0.0181,0.0064,28.3918,31.0913
473189752467,473189752476,0.0056,0.0026,0.0282,0.0338
485672791701,485672791710,0.0035,0.0018,0.0124,0.0141
492734613290,492734613902,0.0067,0.0037,0.673,0.8611
504581959900,504581990059,0.0081,0.0033,38.4512,39.4074
510534316513,510534316531,0.0036,0.002,0.0221,0.0255
520542892807,520542892870,0.0034,0.0019,0.0739,0.078
521892379858,521892379885,0.0056,0.0027,0.0342,0.0355
524927208441,524927210448,0.0076,0.0029,2.2443,2.4613
525680731580,525680731805,0.034,0.0033,0.2534,0.3206
529626158853,529626183558,0.0149,0.0052,28.7442,31.2869
530161119000,530161190001,0.0224,0.0075,89.5251,90.2686
538017337018,538017337081,0.0168,0.0059,0.1043,0.1367
544695303204,544695303240,0.0039,0.0021,0.0424,0.0497
556590328327,556590328372,0.0128,0.0039,0.0539,0.0576
569931130011,569931130101,0.0048,0.0026,0.0974,0.1107
571639809770,571639870079,0.0068,0.0027,73.5073,79.4355
573779340022,573779340202,0.0041,0.0022,0.2034,0.2259
583798621362,583798621623,0.0077,0.0031,0.2839,0.6366
624774499155,624774499515,0.0057,0.0027,0.451,0.4348
629621551293,629621551329,0.0173,0.0063,0.0432,0.0489
636947183060,636947183600,0.0117,0.0049,0.5942,0.6407
656986569232,656986569322,0.0059,0.0025,0.1076,0.1131
675540983764,675540984367,0.0083,0.0034,0.8295,0.7481
682879930479,682879930497,0.0038,0.0018,0.023,0.0255
698507083699,698507083969,0.0161,0.0059,0.294,0.3267
700494393119,700494393191,0.004,0.0023,0.0884,0.0941
705468688024,705468688042,0.0042,0.0023,0.023,0.067
716028921217,716028921271,0.0035,0.002,0.064,0.0703
719113592145,719113592154,0.0029,0.0017,0.0119,0.014
720758034618,720758034681,0.0052,0.003,0.0699,0.0786
723571105390,723571105903,0.0059,0.0027,0.6585,0.6694
728472578630,728472580367,0.0133,0.005,1.9053,2.3496
736927718249,736927718294,0.0175,0.0061,0.0514,0.111
742515128913,742515128931,0.0072,0.0032,0.0231,0.0244
778947954979,778947954997,0.0097,0.0039,0.0232,0.0244
784189018280,784189018802,0.0043,0.0024,0.7048,2.5408
788624630821,788624631028,0.0058,0.0025,0.2879,0.311
790777400859,790777400895,0.0038,0.002,0.0452,0.0468
801768835243,801768835324,0.0064,0.0026,0.0925,0.099
804544508982,804544509288,0.0168,0.0074,0.4507,0.3625
810586780000,810586800007,0.0331,0.0069,25.3122,25.4689
818437865590,818437865905,0.0129,0.0049,0.3739,0.3754
840507290552,840507292055,0.0076,0.0029,1.6669,1.7651
848963653522,848963655223,0.0053,0.0027,1.8212,2.0321
849491192660,849491196026,0.0059,0.0027,3.6732,4.1698
866601001639,866601001693,0.0038,0.0021,0.1023,0.0927
872872948395,872872948539,0.0183,0.0068,0.159,0.1757
877039226995,877039229569,0.0183,0.0067,3.2679,3.2072
878884642687,878884642768,0.0067,0.0028,0.0927,0.1017
884104849281,884104849812,0.0068,0.0029,0.5707,0.8835
901281983710,901281987013,0.0206,0.0029,4.2281,4.2313
903036590812,903036590821,0.0037,0.0019,0.0132,0.0166
910917346943,910917349346,0.0058,0.0029,2.9319,3.3271
925225965733,925225967335,0.0063,0.0029,2.0921,2.1187
929204240941,929204241049,0.0122,0.0045,0.1209,0.1334
930716654341,930716654413,0.0047,0.0024,0.0802,0.0884
940223789076,940223789607,0.005,0.0022,0.6112,0.6424
962145673624,962145673642,0.0032,0.0019,0.0208,0.0249
1032921862847,1032921862874,0.0037,0.0021,0.0426,0.0432
1041625414922,1041625419224,0.021,0.0071,6.413,6.9599
1268890308979,1268890308997,0.1018,0.0507,0.0462,0.0345
1500942563754,1500942564357,0.0113,0.0041,0.7499,0.7675
1570278594418,1570278594481,0.0043,0.0022,0.0837,0.0838
1591010572894,1591010572948,0.0166,0.0061,0.0691,0.0716
1655308687057,1655308687075,0.0047,0.0028,0.0253,0.0271
1809845067358,1809845067385,0.0039,0.0019,0.037,0.0374
1815662004371,1815662004713,0.017,0.0059,0.4548,0.4736
1890552739468,1890552739486,0.0036,0.0021,0.0259,0.028
2059224047042,2059224047204,0.0052,0.0023,0.2484,0.347
2116538423118,2116538423181,0.0036,0.0021,0.0843,0.0849
2130223160479,2130223160497,0.0053,0.0023,0.0322,0.0326
2209702555323,2209702555332,0.0036,0.002,0.0137,0.0137
2263106076570,2263106076705,0.0042,0.0022,0.1728,0.1751
2548753538926,2548753538962,0.0167,0.0063,0.0547,0.0509
2552002961926,2552002961962,0.0039,0.0021,0.0499,0.0523
2722950620086,2722950620608,0.0046,0.0022,0.6157,0.6748
2729284355273,2729284355327,0.0196,0.0065,0.0731,0.0785
2838722574139,2838722574193,0.0039,0.0019,0.0679,0.0776
2914867754445,2914867754454,0.0035,0.0021,0.0146,0.0141
2926616473898,2926616473988,0.005,0.0023,0.1144,0.117
2942670332546,2942670332564,0.0045,0.0024,0.0272,0.0286
2950032450145,2950032450154,0.0035,0.0018,0.0144,0.0139
3077332383868,3077332383886,0.0038,0.002,0.0262,0.0263
3108076258499,3108076258949,0.025,0.0041,0.774,0.8018
3136447395324,3136447395342,0.0037,0.0021,0.0447,0.0297
3197453267473,3197453267734,0.0061,0.0033,0.366,0.3789
3277072491752,3277072492157,0.0058,0.0028,0.6368,0.6023
3319096446640,3319096460446,0.0195,0.0068,17.8463,19.1354
3322992431890,3322992431908,0.0205,0.0068,0.0255,0.026
3716352201373,3716352201733,0.0168,0.0062,0.433,0.5004
3771400472961,3771400476129,0.0064,0.0184,4.534,4.0684
3802324802611,3802324806112,0.0075,0.0029,4.8367,4.6546
4147912852607,4147912852670,0.0035,0.0021,0.0928,0.1011
4202684585306,4202684585360,0.0046,0.0023,0.0754,0.0748
4292173751267,4292173751276,0.0043,0.0021,0.0142,0.0135
4394443735140,4394443735401,0.0046,0.0024,0.3063,0.331
4409153827771,4409153871277,0.0091,0.0038,56.0512,60.8687
4614153305738,4614153305783,0.0034,0.0021,0.0636,0.067
4791251822774,4791251824277,0.0051,0.0024,1.7231,1.8454
4840713285395,4840713285539,0.0057,0.0026,0.2851,0.2807
4968807328416,4968807328461,0.0052,0.0024,0.0559,0.12
4972131658815,4972131658851,0.0063,0.0028,0.0515,0.0529
5093723157104,5093723157140,0.0047,0.0024,0.0518,0.0522
5252039589743,5252039593478,0.0081,0.0032,5.317,4.7593
5279567292698,5279567292869,0.0046,0.0023,0.1979,0.2111
5550016817485,5550016817548,0.0049,0.0028,0.0887,0.0872
5605841951612,5605841951621,0.0115,0.0044,0.0154,0.0133
5619815463621,5619815466123,0.0063,0.0027,3.3295,3.1949
5735224169616,5735224169661,0.0097,0.0042,0.0586,0.0944
6019836911032,6019836911203,0.0051,0.0024,0.2134,0.2202
6091208119019,6091208119091,0.0032,0.0018,0.0867,0.1057
6595110399983,6595110833999,0.0082,0.003,549.9267,590.4129
6770605382589,6770605382598,0.0037,0.0022,0.0157,0.0135
6875116591891,6875116591918,0.0113,0.0088,0.0363,0.0363
6894063295511,6894063511259,0.0077,0.0031,275.861,290.9043
6897491463106,6897491463160,0.0065,0.0031,0.09,0.1149
6941959078119,6941959078191,0.0209,0.0024,0.1215,0.0907
7148682095058,7148682095085,0.0033,0.0019,0.087,0.0359
7480856615880,7480856618058,0.0294,0.0066,3.5366,2.6782
7496477671427,7496477671472,0.0038,0.002,0.0589,0.0597
7567336317489,7567336317498,0.0033,0.0017,0.014,0.0129
7577256178667,7577256178676,0.0035,0.0021,0.2817,0.0147
7594213653585,7594213653855,0.0131,0.0054,0.4404,0.4642
7595377654133,7595377654313,0.0058,0.0026,0.2308,0.247
7637186053644,7637186054346,0.006,0.0032,0.8851,0.9759
7677724278284,7677724278428,0.0062,0.0025,0.1777,0.1846
7739002750000,7739005000027,0.0145,0.0049,2834.0048,3030.9975
7902229640498,7902229640849,0.0048,0.0025,0.4117,0.4306
8084964151548,8084964151584,0.011,0.0044,0.0472,0.049
8160144602266,8160144602626,0.0054,0.0029,0.6501,0.483
8276487103146,8276487103164,0.004,0.0022,0.0253,0.0244
8445881901429,8445881901492,0.0051,0.0025,0.0787,0.0827
8683329228590,8683329228905,0.0048,0.0028,0.3858,0.3964
8821756744105,8821756744150,0.0127,0.0048,0.0568,0.0595
8875926995927,8875926995972,0.0035,0.0022,0.063,0.0605
9027844198826,9027844198862,0.0048,0.0024,0.0499,0.043
9055866176675,9055866176756,0.0051,0.0025,0.1049,0.1016
9116060027004,9116060027040,0.0046,0.0022,0.0467,0.043
9247799126329,9247799126392,0.0037,0.002,0.083,0.0791
9361141458294,9361141458429,0.006,0.0022,0.1649,0.175
9514249769567,9514249769576,0.003,0.0019,0.0155,0.0125
9695037804464,9695037804644,0.0044,0.0022,0.232,0.2374
9816320848018,9816320848081,0.0085,0.0037,0.0752,0.095
9852769294162,9852769294216,0.0084,0.0039,0.0727,0.0717
9938072394794,9938072394947,0.0044,0.0022,0.1868,0.3053
9939907499610,9939907601499,0.0152,0.0051,127.6827,139.3995
10969939915003,10969939915030,0.01,0.0041,0.0447,0.0492
14759265113739,14759265113793,0.0142,0.0053,0.0756,0.074
15580501350688,15580501350868,0.005,0.0024,0.2296,0.2291
19759781092056,19759781092065,0.0443,0.0058,0.0348,0.0139
20267174667301,20267174667310,0.0036,0.002,0.015,0.0134
22355772252300,22355772253002,0.0114,0.0049,1.0326,0.9751
22962710768512,22962710768521,0.0031,0.0019,0.015,0.0134
23895526273559,23895526273595,0.0044,0.0024,0.0667,0.0428
24669437499667,24669437499676,0.0047,0.0022,0.0167,0.013
27935712459748,27935712459784,0.0038,0.0018,0.0491,0.0428
28410389429456,28410389429465,0.0182,0.0062,0.0184,0.0146
29095893196964,29095893199466,0.0072,0.0033,3.131,3.9032
29199357363542,29199357364235,0.0074,0.0036,0.9832,1.1877
29491827779197,29491827779719,0.0048,0.0025,0.6727,0.6975
33070716959494,33070716959944,0.0056,0.0025,0.6156,0.6039
34362453796560,34362453796605,0.0053,0.0024,0.0666,0.0548
35589804514621,35589804516124,0.0064,0.0029,2.4401,1.9375
36773384921882,36773384922188,0.0069,0.0032,0.399,0.4071
38814152813701,38814152813710,0.0047,0.0026,0.0153,0.0133
39320512010074,39320512010407,0.0051,0.0026,0.4288,0.4478
39620830579052,39620830579205,0.0056,0.0027,0.2792,0.3269
40131259955403,40131259955430,0.0105,0.0052,0.0457,0.0402
40440996685198,40440996685819,0.0043,0.0023,0.8132,0.7979
41082985853024,41082985853042,0.0048,0.0043,0.0263,0.0232
41594736019891,41594736019918,0.0206,0.0074,0.0442,0.0366
41622177846654,41622177854466,0.0322,0.0064,11.3375,10.9409
43992984135661,43992984136156,0.1083,0.0515,1.1433,1.0926
44316448391272,44316448391722,0.0198,0.0071,0.6272,0.8929
45053715109266,45053715109626,0.0042,0.0022,0.4838,0.4842
45689898934379,45689898934397,0.0035,0.0208,0.0243,0.0365
46413956429717,46413956429771,0.0168,0.0059,0.0889,0.0691
46534678106913,46534678106931,0.0145,0.0108,0.0347,0.0249
47156738274443,47156738324447,0.0142,0.0057,72.9847,71.8269
48130925659805,48130925659850,0.005,0.0024,0.0746,0.0567
48283105366857,48283105366875,0.0046,0.0024,0.029,0.0233
48403874907233,48403874907323,0.0087,0.0033,0.1417,0.1081
49470894177178,49470894177187,0.0056,0.0025,0.0176,0.0138
50024253854220,50024254022358,0.0393,0.0175,256.7247,250.7068
50559343299308,50559343299380,0.0117,0.0049,0.1158,0.0842
51236242056678,51236242056687,0.0043,0.0023,0.0168,0.0139
53893974025239,53893974025293,0.0305,0.0024,0.2059,0.0841
58827520469115,58827520469151,0.0032,0.0018,0.0517,0.0439
58988600100790,58988600100907,0.0079,0.0034,0.2185,0.1352
59724470160863,59724470163068,0.012,0.0049,3.4555,3.0112
61238983147151,61238983147511,0.0199,0.007,0.5212,0.5179
61264854802416,61264854802461,0.0038,0.0131,0.0608,0.09
61291369953095,61291369953509,0.0066,0.0032,0.6181,0.5751
61950545439892,61950545439928,0.0045,0.0023,0.0556,0.0442
62615147577781,62615147577817,0.0053,0.0028,0.0524,0.0437
62806664351425,62806664351452,0.0732,0.0065,0.0424,0.0351
65464381241402,65464381241420,0.0038,0.0027,0.0453,0.0583
65690142668474,65690142668744,0.0257,0.0043,0.5842,0.3925
67115414456411,67115414461145,0.01,0.0039,6.5594,6.7831
69318778935042,69318778935204,0.0049,0.0023,0.3774,0.2826
70919615887630,70919616035788,0.0109,0.0034,216.9115,210.4055
71068811128515,71068811128551,0.0058,0.0026,0.0559,0.0421
71898432210845,71898432210854,0.0156,0.0058,0.017,0.015
71918205071438,71918205071483,0.0034,0.0019,0.0637,0.053
73422776011182,73422776011218,0.0045,0.0026,0.0544,0.0431
73928060889522,73928060892258,0.0353,0.009,3.8224,4.419
74329839775383,74329839775833,0.0072,0.003,0.6628,0.5686
74850168902534,74850168902543,0.0159,0.0054,0.0171,0.0144
75359911944864,75359911946448,0.0145,0.0054,2.6364,2.2241
76487411728437,76487411728473,0.0057,0.0023,0.0495,0.0426
77202714691975,77202714695179,0.0064,0.0028,4.0993,4.6889
77478561773088,77478561773808,0.0051,0.0023,0.9611,0.9656
80426675223816,80426675223861,0.0094,0.0047,0.0661,0.0957
80633010107661,80633010110667,0.0063,0.0028,4.2977,4.4407
80837800204691,80837800204916,0.0047,0.0025,0.3117,0.2472
81513431726602,81513431726620,0.0169,0.0099,0.0453,0.027
82215334262646,82215334262664,0.0145,0.0057,0.0278,0.0245
82285673415468,82285673415486,0.0037,0.002,0.0269,0.0234
82722741309777,82722741370779,0.0134,0.0047,86.7882,87.8198
83528242824568,83528242824586,0.0189,0.0075,0.0319,0.026
84759159389513,84759159389531,0.0044,0.0023,0.0271,0.0232
86368593392790,86368593392907,0.0053,0.0023,0.1749,0.1306
87062850286527,87062850286572,0.0031,0.0018,0.1225,0.0598
88507671517665,88507671551667,0.0151,0.0056,48.1647,47.9058
88814305154194,88814305154419,0.0075,0.003,0.3101,0.2634
89209167724515,89209167724551,0.0049,0.0026,0.0581,0.0461
91022251444854,91022251445448,0.007,0.0028,0.7943,0.7803
91730610983635,91730610983653,0.0081,0.0041,0.0457,0.0455
91889589921043,91889589921304,0.012,0.0045,0.3999,0.3107
92390646713013,92390646713031,0.0044,0.0215,0.0407,0.0585
94713334369391,94713334369913,0.0058,0.0028,0.7636,0.7252
95510264580089,95510264580098,0.0049,0.0025,0.0151,0.0143
96577159988222,96577182225899,0.0122,0.0037,31741.5629,32115.3833
98957130596070,98957130596700,0.0133,0.0047,1.0885,1.1003
99429662316930,99429662319036,0.0071,0.003,2.8293,3.1331
99674144504980,99674144508049,0.0061,0.0027,4.6732,5.7143
102476959300817,102476959300871,0.0038,0.0022,0.09,0.0692
104791813136609,104791813136690,0.0062,0.0218,0.1519,0.0975
132138727572286,132138727572628,0.0063,0.0029,0.524,0.6345
136966719728823,136966719728832,0.0036,0.0019,0.0181,0.0143
138865274213481,138865274213814,0.0072,0.0029,0.6616,0.4291
148401830700474,148401830700744,0.006,0.0027,0.3962,0.3249
174789161024497,174789161024749,0.0172,0.006,0.3982,0.3099
192410273664388,192410273664838,0.0044,0.0022,0.6993,0.6526
202724799973495,202724799973549,0.0114,0.005,0.0859,0.066
208142357401383,208142357401833,0.0053,0.0025,0.6902,0.5631
213263559704254,213263559704425,0.0067,0.0029,0.2654,0.2021
241084368262228,241084368262282,0.0047,0.0026,0.1515,0.1016
241617558420091,241617558420109,0.0064,0.003,0.0287,0.026
256874448969901,256874448969910,0.0038,0.0019,0.0206,0.0139
258782136144379,258782136144397,0.0047,0.0025,0.0302,0.0258
260933048013151,260933048013511,0.0049,0.0025,0.541,0.4889
262437975314104,262437975314140,0.0044,0.0021,0.0764,0.0462
264482091526166,264482091526616,0.007,0.0028,0.6837,0.5785
264484501915167,264484501915176,0.0112,0.0042,0.0194,0.016
275202622535670,275202622535706,0.0058,0.0025,0.0793,0.0456
290139777911078,290139777911087,0.0034,0.0019,0.0164,0.014
304432684630735,304432684630753,0.0034,0.002,0.0293,0.0245
342136860323655,342136860325356,0.0066,0.003,2.75,3.0253
345702335002936,345702335002963,0.0035,0.002,0.0415,0.0352
371197533456912,371197533456921,0.004,0.0023,0.0173,0.0145
376004994433879,376004994433897,0.0159,0.006,0.0408,0.0321
397453018097952,397453018099257,0.0061,0.003,1.9655,1.7786
401875632226071,401875632226107,0.0116,0.0048,0.0723,0.046
413961490410683,413961490410836,0.0054,0.0027,0.2272,0.1898
434044425310237,434044425310273,0.0043,0.0022,0.0556,0.0453
437363919638649,437363919638694,0.0055,0.0024,0.0941,0.0556
447381666523023,447381666523032,0.0092,0.0037,0.0173,0.015
448284108661001,448284108661010,0.0101,0.0084,0.0174,0.0149
450261593417058,450261593417085,0.0117,0.0048,0.043,0.0357
451088230897815,451088230897851,0.0053,0.0024,0.0566,0.0444
454488130904013,454488130904031,0.0037,0.0021,0.0312,0.0259
458901193142426,458901193142462,0.0049,0.0024,0.0537,0.5161
461196173971986,461196173976189,0.0225,0.0082,6.6197,9.248
478061894451854,478061894454158,0.0055,0.0025,4.1718,3.4156
482661398026681,482661398026816,0.0131,0.0048,0.1883,0.1587
488456656324966,488456656326469,0.0059,0.0028,2.5017,2.3874
499703907125647,499703907125674,0.0159,0.0052,0.0423,0.035
501877473554473,501877473554734,0.0058,0.0029,0.4122,0.3207
515150338361817,515150338361871,0.0032,0.0018,0.0858,0.0661
518854558428818,518854558428881,0.0044,0.0021,0.1164,0.1614
529993363770012,529993363770021,0.0149,0.006,0.0174,0.0155
536869156053863,536869156056338,0.0063,0.0031,4.2039,4.9726
541223469988998,541223469989889,0.0095,0.0035,1.4627,1.3928
541979084239931,541979084291339,0.0204,0.0076,82.8317,76.4604
564699246689561,564699246689615,0.0068,0.0029,0.0824,0.0658
591029002737711,591029002771137,0.0066,0.0029,54.8545,54.6579
601247014386596,601247014386659,0.005,0.0025,0.0933,0.0768
611239673128400,611239673140028,0.007,0.0032,19.1795,17.7886
612845497412394,612845497412439,0.0057,0.0026,0.0913,0.062
615002555907133,615002555907313,0.0047,0.0023,0.3128,0.2209
618157282445790,618157282445907,0.0057,0.0026,0.1922,0.1408
621402613305036,621402613305063,0.0047,0.0022,0.0426,0.0357
623923335623853,623923335625338,0.006,0.0035,2.1584,1.8409
633672491465992,633672491469259,0.0109,0.0039,5.5421,5.5903
649584159851603,649584159851630,0.0034,0.0019,0.0551,0.0351
668723182033625,668723182033652,0.0039,0.0021,0.0454,0.0356
695960638381428,695960638381482,0.0082,0.0035,0.078,0.0673
706522456624630,706522456626034,0.0059,0.0029,2.0842,1.8625
732172455387162,732172455387216,0.0066,0.0026,0.0875,0.0782
742926005965080,742926005965800,0.0044,0.0024,1.5074,0.8869
765716537621863,765716537623168,0.0059,0.0023,1.8965,1.745
767461199286509,767461199286590,0.0156,0.0053,0.1214,0.1008
769487079474208,769487079474280,0.0047,0.0189,0.106,0.1812
775618043709857,775618043709875,0.0038,0.0022,0.0317,0.0272
784120953832935,784120953832953,0.0152,0.0059,0.0329,0.0257
786124288193816,786124288193861,0.0045,0.0023,0.0705,0.0583
788276448174254,788276448174425,0.0205,0.0067,0.292,0.2106
822637676141928,822637676141982,0.0046,0.0021,0.0847,0.0666
823017939443743,823017939444337,0.007,0.0027,0.8831,0.7302
826397993609614,826397993609641,0.0035,0.002,0.0436,0.0366
850372065641036,850372065641063,0.0042,0.0023,0.0411,0.036
869881610452607,869881610452670,0.0054,0.0024,0.0912,0.0801
875796795834941,875796795839144,0.0066,0.0032,7.1289,6.1697
891746258579216,891746258579261,0.01,0.004,0.0731,0.0599
899344438529880,899344438580289,0.021,0.0067,83.3522,80.745
900641886888928,900641886888982,0.0052,0.0026,0.0803,0.1251
919410149225288,919410149225828,0.0069,0.003,0.774,0.6316
922597103375392,922597103375923,0.0113,0.0043,0.7769,0.6864
932364933733908,932364933733980,0.018,0.007,0.1063,0.0859
938213806902789,938213806902798,0.0049,0.0026,0.0166,0.0145
939784463540612,939784463540621,0.0205,0.0069,0.0178,0.0156
963033645520309,963033645520390,0.0033,0.0018,0.1511,0.0967
964336588771538,964336588771583,0.0118,0.0232,0.084,0.0574
975548976571553,975548976573155,0.0077,0.0032,2.3692,2.615
999216198896628,999216198896682,0.0273,0.0022,0.0794,0.1489
